"player-name","tablescraper-selected-row","tablescraper-selected-row 2","tablescraper-selected-row 3","tablescraper-selected-row 4","tablescraper-selected-row 5","tablescraper-selected-row 6","tablescraper-selected-row 7","tablescraper-selected-row 8","tablescraper-selected-row 9","tablescraper-selected-row 10","tablescraper-selected-row 11","tablescraper-selected-row 12","tablescraper-selected-row 13","tablescraper-selected-row 14","tablescraper-selected-row 15","tablescraper-selected-row 16","tablescraper-selected-row 17","tablescraper-selected-row 18","tablescraper-selected-row 19","footable-last-visible"
"Abarca Fernandez, Matias","6","190:39","21","33","5","15.2","55","32","58.2","18","14","77.8","93","5","35","40","10","0","16","11"
"Aburto Morales, Fabian","4","77:47","7","14","1","7.1","24","11","45.8","4","1","25","26","4","9","13","10","0","4","7"
"Aburto Quezada, Javier","3","12:27","2","0","0","0","5","2","40","2","0","0","4","1","2","3","0","0","1","4"
"Aceiton Mora, Joaquim","4","35:08","7","1","0","0","7","2","28.6","4","3","75","7","1","4","5","2","0","2","8"
"Aceiton Mora, Karim","2","11:49","3","0","0","0","3","0","0","0","0","0","0","0","0","0","1","0","0","1"
"Acevedo Frugone, benjamin","2","19:24","5","2","0","0","3","0","0","0","0","0","0","0","0","0","1","0","1","1"
"Acevedo Palacios, Sebastian","1","4:37","0","0","0","0","1","0","0","2","0","0","0","1","2","3","0","0","0","0"
"Acevedo Quezada, Tomas","4","49:16","2","14","7","50","5","2","40","7","4","57.1","29","2","11","13","1","1","1","5"
"Acuna Avello, Rodrigo","6","147:54","19","11","2","18.2","18","3","16.7","2","1","50","13","7","21","28","9","3","12","21"
"Acuna Henriquez, Fernando","6","154:21","17","28","5","17.9","36","11","30.6","26","18","69.2","55","4","19","23","10","1","15","21"
"Adasme Crumacher, Benjamin","6","134:22","13","1","0","0","42","26","61.9","29","8","27.6","60","10","40","50","18","10","11","11"
"Adasme Rojas, Benjamin","6","144:56","12","22","5","22.7","19","6","31.6","18","10","55.6","37","3","14","17","10","1","19","24"
"Adrian Reyes, Hans H.","2","50:27","4","13","3","23.1","15","9","60","3","2","66.7","29","5","10","15","2","1","0","6"
"Aedo Zuleta, Mauro","1","25:43","5","4","2","50","6","4","66.7","2","0","0","14","0","6","6","1","0","1","10"
"Aguayo Ferrada, Juan J.","6","154:49","8","14","2","14.3","41","23","56.1","16","5","31.3","57","6","33","39","10","2","7","8"
"Aguilar Navarrete, Marco","4","117:12","12","20","7","35","34","14","41.2","26","15","57.7","64","3","26","29","1","1","8","22"
"Aguilar Santos, Sebastian","6","127:37","8","10","0","0","31","15","48.4","10","6","60","36","8","16","24","6","0","9","10"
"Aguilera Espinoza, Felipe","7","129:07","2","22","4","18.2","18","9","50","10","7","70","37","3","15","18","3","0","15","15"
"Aguilera Nunez, Gabriel","4","41:36","3","1","0","0","7","4","57.1","0","0","0","8","1","9","10","1","0","1","2"
"Aguirre Mendez, Martin","4","112:28","7","5","1","20","23","12","52.2","2","1","50","28","3","6","9","3","1","5","6"
"Aguirre Quintanilla, Lukas","1","12:24","0","2","0","0","2","0","0","0","0","0","0","0","0","0","1","0","2","0"
"Agusto Duran, Eduardo","2","30:49","6","0","0","0","7","1","14.3","8","4","50","6","7","6","13","0","0","1","1"
"Ahumada Fernandez, Joaquin I.","1","0:52","0","0","0","0","0","0","0","0","0","0","0","0","0","0","0","0","0","0"
"Alarcon Grijalba, Lukas","1","4:34","0","0","0","0","1","0","0","0","0","0","0","0","1","1","0","0","0","0"
"Alarcon Uribe, David I.","2","38:08","2","18","6","33.3","5","1","20","4","4","100","24","4","4","8","11","0","6","1"
"Albornoz Lara, Rodrigo","4","82:37","2","5","0","0","17","11","64.7","3","3","100","25","6","10","16","10","1","17","8"
"Albornoz Rojas, Marcelo","5","112:21","16","9","2","22.2","31","12","38.7","13","6","46.2","36","5","10","15","7","1","7","13"
"Alfaro Molina, Joaquin","4","23:40","2","3","0","0","1","0","0","0","0","0","0","0","0","0","0","0","0","0"
"Almendras Delavenne, Kai","5","38:58","4","7","2","28.6","6","1","16.7","0","0","0","8","0","6","6","0","0","3","8"
"Almonacid Silva, Jeremias","3","18:33","0","1","0","0","3","1","33.3","0","0","0","2","3","2","5","0","0","0","5"
"Alonso Figueroa, Agustin","4","64:37","2","4","0","0","20","11","55","7","2","28.6","24","4","3","7","4","0","4","6"
"Altamirano Altamirano, Matias","3","30:21","0","1","0","0","2","0","0","2","0","0","0","0","4","4","0","0","0","4"
"Alvarado Sanzana, Juan","5","158:31","7","48","18","37.5","57","28","49.1","19","15","78.9","125","10","25","35","11","2","19","17"
"Alvarez-Salamanca, Lukas","7","98:00","8","12","1","8.3","14","3","21.4","4","4","100","13","7","12","19","3","2","3","8"
"Alvarez Donoso, Lukas R.","2","9:33","0","0","0","0","1","0","0","0","0","0","0","1","0","1","1","0","0","1"
"Alvarez Flanega, Alfredo","5","143:44","12","1","0","0","77","41","53.2","16","8","50","90","22","31","53","8","5","5","7"
"Alvarez Huerta, Jean","3","53:17","6","4","0","0","6","3","50","4","0","0","6","1","9","10","1","0","1","1"
"Amar Guerra, Raul","5","171:31","11","27","8","29.6","54","30","55.6","34","29","85.3","113","8","56","64","7","0","14","28"
"Amilson, Louis Benson","6","115:57","9","17","1","5.9","46","24","52.2","18","9","50","60","19","22","41","9","3","11","15"
"Ampuero Oviedo, Bernardo S.","2","17:36","2","5","0","0","7","0","0","0","0","0","0","0","3","3","1","0","1","0"
"Andrade Contreras, Benjamin A.","1","8:49","2","1","0","0","2","0","0","0","0","0","0","1","0","1","0","0","0","2"
"Anriquez Marinivic, Simon","7","193:01","9","41","15","36.6","34","20","58.8","20","12","60","97","1","31","32","14","0","24","23"
"Anselmo Anselmo, Luigi","6","124:40","14","19","2","10.5","40","19","47.5","16","11","68.8","55","11","29","40","23","2","14","22"
"Apablaza Fernandez, Nicolas E.","6","188:18","17","26","6","23.1","45","27","60","19","11","57.9","83","10","32","42","24","0","19","11"
"Aragon Silva, Maximiliano I.","3","81:17","16","1","0","0","32","16","50","17","8","47.1","40","12","27","39","5","5","3","16"
"Arancibia Carvallo, Felipe","4","86:57","2","17","8","47.1","7","2","28.6","3","2","66.7","30","0","8","8","1","0","0","4"
"Arancibia Lagos, Esteban","4","33:46","9","2","0","0","8","3","37.5","0","0","0","6","6","9","15","2","0","0","4"
"Aranda Liberona, Benjamin","5","31:05","4","2","0","0","3","2","66.7","0","0","0","4","0","10","10","1","0","1","2"
"Araneda Ortiz, Benjamin","5","85:04","4","1","0","0","44","22","50","17","5","29.4","49","19","30","49","12","2","8","4"
"Aranguiz Aravena, Andres","5","169:28","19","24","5","20.8","41","16","39","9","4","44.4","51","9","26","35","4","4","7","27"
"Aravena Allende, Jose","3","74:34","3","4","1","25","18","9","50","4","2","50","23","3","9","12","1","0","1","7"
"Aravena Donoso, Cristopher","6","122:11","7","2","0","0","47","24","51.1","20","12","60","60","26","25","51","6","2","7","4"
"Aravena Quesney, Joaquin A.","1","5:16","0","1","0","0","0","0","0","0","0","0","0","0","0","0","0","0","0","0"
"Aravena Vasquez, Lautaro","1","3:47","0","0","0","0","2","2","100","0","0","0","4","0","2","2","0","0","0","2"
"Araya Castillo, Juan","1","4:12","0","0","0","0","0","0","0","0","0","0","0","0","1","1","0","0","0","0"
"Araya Neira, Guillermo","2","4:27","1","0","0","0","2","0","0","0","0","0","0","0","2","2","0","0","0","0"
"Arce Heredia, Nicolas","3","54:27","7","1","0","0","2","2","100","2","1","50","5","5","9","14","0","0","1","3"
"Arcos Concha, Javier","2","4:43","0","0","0","0","0","0","0","0","0","0","0","0","2","2","0","0","0","1"
"Areblad de los Reyes, Mathias","2","26:37","1","3","1","33.3","5","0","0","2","1","50","4","0","0","0","1","0","1","3"
"Arias Sepulveda, Jeremy","3","70:24","3","2","0","0","30","3","10","2","1","50","7","3","16","19","1","1","0","2"
"Arismendi Jimenez, Nicolas","4","38:00","0","3","0","0","13","9","69.2","0","0","0","18","2","3","5","0","0","3","8"
"Arostica Diaz, Juan","4","40:53","4","2","0","0","5","3","60","2","1","50","7","2","5","7","1","0","1","4"
"Arujo Gorrin, Juan","1","3:13","0","0","0","0","0","0","0","0","0","0","0","0","1","1","0","0","0","0"
"Asencio Avendano, Matias L.","3","40:04","2","6","1","16.7","4","3","75","0","0","0","9","3","10","13","2","1","0","3"
"Astudillo Bustamante, Nicolas","1","1:40","0","0","0","0","0","0","0","0","0","0","0","0","0","0","0","0","0","1"
"Astudillo Escalona, Franco","6","141:17","10","19","5","26.3","52","22","42.3","10","5","50","64","5","15","20","18","0","10","16"
"Avila Pacheco, Matias","1","6:00","0","1","0","0","1","0","0","0","0","0","0","0","0","0","0","0","0","0"
"Ayala Fuentes, Jorge","4","93:55","5","16","5","31.3","24","8","33.3","6","4","66.7","35","1","16","17","6","1","6","5"
"Bahamondes Diaz, Roman","3","26:48","1","1","0","0","9","3","33.3","2","1","50","7","3","2","5","1","0","5","4"
"Balboa Bustamante, Eduardo","3","75:10","7","5","0","0","27","3","11.1","2","0","0","6","1","1","2","8","0","11","25"
"Barcelo Soltman, Ignacio","1","2:37","0","0","0","0","0","0","0","2","2","100","2","0","0","0","0","0","0","2"
"Barraza Alfaro, Benjamin T.","7","234:05","14","45","14","31.1","48","25","52.1","16","9","56.3","101","7","25","32","10","1","12","26"
"Barraza Alfaro, Christopher","6","102:17","6","7","2","28.6","30","12","40","4","4","100","34","2","12","14","2","0","3","10"
"Barraza Andrada, Yuri","2","40:45","1","7","1","14.3","18","6","33.3","2","1","50","16","0","7","7","5","1","4","2"
"Barrera Luna, Roberto","6","85:34","11","0","0","0","21","16","76.2","6","3","50","35","23","12","35","5","0","6","7"
"Barria Vilches, Francisco","4","91:15","9","8","1","12.5","32","15","46.9","7","3","42.9","36","2","6","8","5","3","13","5"
"Barros Lebanek, Sebastian","6","152:38","13","15","3","20","46","23","50","22","8","36.4","63","14","25","39","11","2","13","14"
"Becerra Coronado, Eduardo","3","32:32","1","2","0","0","6","1","16.7","0","0","0","2","2","3","5","1","0","0","9"
"Becerra Valdebenito, Benjamin","1","20:40","0","4","1","25","7","2","28.6","0","0","0","7","0","1","1","0","0","1","2"
"Becerra Valdebenito, Luis","6","151:07","16","25","1","4","29","12","41.4","5","2","40","29","1","20","21","10","0","30","10"
"Behn Van Haaster, Sebastian","5","122:19","3","19","3","15.8","12","3","25","0","0","0","15","4","20","24","3","2","5","13"
"Belmar Villarroel, Cesar I.","6","140:31","2","17","5","29.4","25","15","60","11","8","72.7","53","7","18","25","12","0","23","13"
"Belmar Villarroel, Sebastian","6","147:02","9","29","6","20.7","32","12","37.5","8","4","50","46","7","20","27","13","5","19","5"
"Beltran Acevedo, Francisco","6","225:49","17","64","22","34.4","38","13","34.2","9","5","55.6","97","8","34","42","13","2","17","26"
"Beltran Pena, Gabriel J.","5","125:14","9","9","2","22.2","48","20","41.7","13","8","61.5","54","17","27","44","9","2","18","7"
"Benavente Velasquez, Renato","1","3:51","0","0","0","0","1","1","100","0","0","0","2","0","1","1","0","0","0","1"
"Benavides Dominguez, Javier","4","124:08","10","15","5","33.3","26","11","42.3","8","3","37.5","40","5","21","26","22","0","10","13"
"Benavides Monsalve, Benjamin","5","81:03","13","0","0","0","17","6","35.3","4","1","25","13","4","11","15","8","1","2","16"
"Berger Garcia, Nicolas","2","14:49","0","1","0","0","2","1","50","0","0","0","2","1","1","2","1","0","1","1"
"Bernal Gonzalez, Rafael","3","26:17","2","1","0","0","5","1","20","0","0","0","2","1","4","5","1","0","0","4"
"Berrios Corbinaud, Armando","7","136:22","18","19","4","21.1","26","12","46.2","2","2","100","38","9","21","30","9","4","7","12"
"Besserer La Caille, Juan","1","1:07","0","0","0","0","0","0","0","0","0","0","0","0","0","0","0","0","0","0"
"Blacutt Torres, Andres","4","19:54","6","0","0","0","1","0","0","0","0","0","0","0","0","0","2","0","0","3"
"Blacutt Torres, Juan Pablo","4","85:12","12","7","1","14.3","24","11","45.8","11","4","36.4","29","4","18","22","3","1","4","14"
"Bonilla Palma, Jose","1","20:23","0","0","0","0","2","0","0","0","0","0","0","0","6","6","0","0","0","3"
"Bravo Ahumada, Ignacio A.","6","134:40","14","8","2","25","31","17","54.8","18","10","55.6","50","10","15","25","6","0","11","21"
"Briones Osorio, Esteban A.","6","150:15","9","22","6","27.3","31","16","51.6","4","3","75","53","5","16","21","12","0","16","14"
"Brower, Caleb Clay","4","52:46","1","6","0","0","8","3","37.5","0","0","0","6","6","14","20","2","0","4","8"
"Bustos Perez, Felipe","1","12:54","1","7","2","28.6","1","0","0","0","0","0","6","0","3","3","0","0","0","2"
"Caballero Soto, Alonso","6","32:10","3","2","0","0","1","1","100","2","1","50","3","1","3","4","0","0","3","7"
"Cabezas Osorio, Jordan","6","135:47","12","24","11","45.8","37","22","59.5","23","19","82.6","96","8","22","30","17","1","18","11"
"Cabrera Barriga, Felix","3","30:36","3","6","1","16.7","3","1","33.3","0","0","0","5","0","2","2","0","0","0","1"
"Cabrera Perez, Cristobal","5","113:54","12","0","0","0","33","14","42.4","12","3","25","31","9","16","25","4","0","5","13"
"Caceres Cerda, Ignacio E.","7","202:19","14","29","7","24.1","51","28","54.9","17","6","35.3","83","17","29","46","9","3","2","10"
"Caglieri Silva, Cristopher","6","111:17","9","3","1","33.3","28","13","46.4","10","5","50","34","15","16","31","6","1","2","6"
"Calabrano Alvarez, Luciano","2","14:56","3","0","0","0","2","1","50","2","2","100","4","0","2","2","0","0","0","1"
"Campos Mardones, Jose I.","2","57:27","7","16","4","25","12","5","41.7","9","7","77.8","29","4","14","18","11","1","7","9"
"Canales Bustamante, Camilo","4","20:21","12","0","0","0","4","1","25","0","0","0","2","2","5","7","1","0","0","3"
"Canales Fierro, Benjamin A.","3","30:08","8","1","1","100","4","2","50","0","0","0","7","4","2","6","0","0","2","2"
"Canales Magna, Benjamin","1","7:13","0","0","0","0","1","0","0","0","0","0","0","1","2","3","0","0","0","1"
"Caneo Salinas, Gasphar","5","60:29","6","12","1","8.3","14","4","28.6","9","4","44.4","15","4","9","13","5","1","1","5"
"Cantillana Salinas, Pablo","7","153:33","2","40","15","37.5","19","9","47.4","2","2","100","65","5","16","21","8","0","14","12"
"Caravia Johnson, Vicente","3","17:10","3","2","0","0","1","1","100","0","0","0","2","0","3","3","1","0","1","3"
"Caro Donoso, Gonzalo","7","181:39","25","12","3","25","26","7","26.9","12","9","75","32","3","24","27","10","3","29","18"
"Caro Penaloza, Joaquin","3","24:23","3","1","0","0","7","2","28.6","2","0","0","4","1","4","5","2","0","2","4"
"Carrasco Godoy, Jose","4","129:23","11","13","1","7.7","26","12","46.2","23","7","30.4","34","5","27","32","0","0","9","17"
"Carrasco Zuñiga, Bernardo","1","4:12","0","1","0","0","0","0","0","0","0","0","0","0","0","0","0","0","1","0"
"Carreno Castillo, Diego","2","14:46","4","0","0","0","5","0","0","0","0","0","0","1","4","5","1","0","0","1"
"Casanova Genaro, Valentin","4","30:00","1","5","0","0","1","0","0","0","0","0","0","0","8","8","1","0","3","3"
"Casarino Espinoza, Ricardo","6","81:08","7","6","0","0","17","8","47.1","2","1","50","17","6","9","15","2","0","2","12"
"Castillo Castillo, Joaquin","2","45:23","4","6","1","16.7","7","1","14.3","5","4","80","9","5","3","8","4","0","2","9"
"Castillo Diaz, Jose","6","171:16","17","30","6","20","57","18","31.6","28","13","46.4","67","15","37","52","8","2","5","21"
"Castillo Jimenez, Nicolas","4","61:53","6","7","3","42.9","3","2","66.7","1","1","100","14","7","14","21","2","0","5","5"
"Castillo Riffo, Juan P.","6","106:26","12","11","4","36.4","8","7","87.5","4","3","75","29","2","8","10","9","0","4","9"
"Castro Castillo, Lian","3","85:50","13","16","1","6.3","44","20","45.5","16","8","50","51","6","13","19","8","0","9","12"
"Castro Estrada, Oscar","1","14:43","0","0","0","0","0","0","0","0","0","0","0","1","3","4","0","0","0","1"
"Castro Gaete, Jacob","6","100:13","9","6","0","0","11","4","36.4","2","0","0","8","5","11","16","2","0","4","16"
"Catalan Araya, Benjamin","3","32:15","5","5","1","20","3","0","0","0","0","0","3","0","5","5","2","0","1","0"
"Catalan Araya, Matias","5","95:02","22","6","1","16.7","26","10","38.5","9","4","44.4","27","13","30","43","7","0","3","3"
"Cayo Suarez, Ricardo","2","8:12","2","0","0","0","1","0","0","0","0","0","0","0","0","0","0","0","0","1"
"Cendoya Ferrada, Roman","6","122:11","10","20","1","5","29","18","62.1","11","8","72.7","47","10","7","17","9","0","12","7"
"Cerda Carrasco, Hector A.","2","45:19","7","1","0","0","17","5","29.4","2","1","50","11","12","12","24","9","3","5","4"
"Cerda Domke, Marius","6","117:15","10","21","8","38.1","58","35","60.3","15","7","46.7","101","25","21","46","16","5","17","11"
"Ceron Gonzalez, Jesus","5","103:40","12","0","0","0","29","6","20.7","3","0","0","12","9","21","30","2","3","4","7"
"Cerpa Agurto, Alfonso","5","107:41","9","19","2","10.5","26","9","34.6","4","1","25","25","2","12","14","3","0","1","12"
"Cespedes Leyton, Jeremias","4","11:50","2","1","1","100","3","1","33.3","0","0","0","5","1","2","3","0","0","0","4"
"Chaparro Puebla, Joaquin A.","2","7:39","4","0","0","0","1","0","0","0","0","0","0","0","0","0","1","0","0","1"
"Chaparro Sagredo, Rafael I.","5","111:18","9","34","6","17.6","16","4","25","2","2","100","28","3","21","24","16","1","7","7"
"Chavez Gutierrez, Diego","3","37:08","1","4","0","0","5","3","60","0","0","0","6","2","7","9","0","0","1","2"
"Cifuentes Alvarez, Nicolas","2","11:35","2","1","0","0","3","0","0","0","0","0","0","0","3","3","0","0","0","3"
"Cisternas Vergara, Felipe","3","54:22","8","4","3","75","3","1","33.3","2","1","50","12","1","7","8","0","0","0","8"
"Cisterna Vidal, Christian","3","38:10","7","6","2","33.3","10","4","40","1","1","100","15","7","7","14","3","1","1","3"
"Claveria Torres, Agustin A.","6","83:01","12","1","0","0","5","1","20","2","2","100","4","2","4","6","3","0","4","4"
"Colivoro Gonzalez, Sergio","5","76:10","12","9","2","22.2","15","4","26.7","2","0","0","14","1","6","7","3","0","5","15"
"Coloma Aedo, Renato","6","86:43","9","15","7","46.7","16","8","50","5","5","100","42","10","7","17","13","1","3","7"
"Colomera Betancourt, Lucas","3","35:23","5","0","0","0","10","6","60","4","2","50","14","3","9","12","5","0","1","5"
"Contreras Garcia, Joaquin","2","43:32","2","5","0","0","13","7","53.8","7","7","100","21","1","12","13","2","0","7","2"
"Contreras Valenzuela, Martin S.","3","52:24","5","2","0","0","9","2","22.2","6","4","66.7","8","5","5","10","0","0","2","3"
"Contreras Valenzuela, Sebastian","7","125:06","11","9","2","22.2","19","15","78.9","5","1","20","37","8","10","18","17","1","10","8"
"Conua Vedrdugo, Freddy","3","34:34","6","4","2","50","4","2","50","4","1","25","11","4","3","7","3","2","2","4"
"Cordero Zurita, Felipe","7","169:56","12","20","2","10","46","18","39.1","14","10","71.4","52","7","22","29","19","4","15","16"
"Cornejo Bobadilla, Braulio M.","1","14:31","1","5","3","60","0","0","0","0","0","0","9","0","0","0","0","0","0","1"
"Coro Molkembuhr, Vicente","6","220:09","18","46","14","30.4","60","28","46.7","21","11","52.4","109","16","37","53","15","2","10","15"
"Coronado del Valle, Bastian","3","19:31","4","2","0","0","4","3","75","1","1","100","7","0","4","4","0","0","1","2"
"Coronado Paillaguala, Lukas","4","102:22","11","7","2","28.6","15","6","40","8","5","62.5","23","10","19","29","10","2","4","13"
"Correa Aburto, Camilo","6","168:55","9","21","4","19","35","20","57.1","19","15","78.9","67","9","20","29","13","3","14","21"
"CORTES, JESUS","6","113:27","8","10","2","20","37","21","56.8","10","5","50","53","6","8","14","2","0","2","17"
"Corvalan Gonzalez, Agustin","6","81:22","16","17","4","23.5","10","4","40","2","1","50","21","0","7","7","5","0","2","6"
"Cotal Araya, Eugenio E.","6","106:04","7","26","5","19.2","31","13","41.9","4","1","25","42","2","18","20","6","3","16","10"
"Crisosto Urrutia, Martin N.","6","80:16","5","9","3","33.3","17","7","41.2","4","2","50","25","7","12","19","2","0","9","7"
"Crovetto Soto, Lorenzo A.","7","104:00","11","24","5","20.8","11","4","36.4","15","8","53.3","31","2","12","14","7","0","14","5"
"Cubillos Cabrera, Mario","5","73:09","5","4","0","0","12","4","33.3","2","2","100","10","3","4","7","9","0","3","3"
"Cuellar Sepulveda, David","5","140:53","19","4","0","0","39","16","41","12","8","66.7","40","9","27","36","3","0","6","9"
"Cueto Gonzalez, David","1","7:25","0","1","0","0","0","0","0","0","0","0","0","0","0","0","0","0","0","1"
"Cuevas Tropa, Hector","6","93:35","13","7","4","57.1","26","9","34.6","14","5","35.7","35","11","15","26","11","0","9","8"
"Cvrlje Pressac, Marcel R.","2","39:42","3","1","0","0","4","2","50","2","0","0","4","0","3","3","0","0","0","3"
"Davies Pagola, Simon","7","218:51","15","58","19","32.8","31","21","67.7","8","6","75","105","13","16","29","8","2","12","19"
"Davila Ortiz, Tomas I.","4","101:37","9","11","2","18.2","4","1","25","2","1","50","9","5","11","16","5","0","6","13"
"Delgado Azua, Matias","4","66:51","4","19","4","21.1","23","15","65.2","4","3","75","45","3","4","7","4","0","7","3"
"Delgado Garrido, Benjamin","4","47:06","1","6","1","16.7","6","4","66.7","4","2","50","13","2","5","7","4","0","3","3"
"Del Rio Lahr, Sebastian","4","36:14","1","4","0","0","5","0","0","0","0","0","0","1","4","5","2","0","3","5"
"Diaz Caro, Cristobal A.","7","86:09","11","11","2","18.2","16","4","25","2","0","0","14","3","8","11","5","2","2","10"
"Diaz Gonzalez, Matias A.","6","135:54","8","23","4","17.4","25","9","36","22","11","50","41","7","10","17","6","0","13","18"
"Diaz Lara, Renato","1","2:10","0","1","0","0","0","0","0","0","0","0","0","0","0","0","0","0","0","0"
"Diaz Mella, Cristobal","3","27:03","0","0","0","0","0","0","0","2","0","0","0","1","3","4","0","1","0","2"
"Diaz Munoz, Francisco","1","8:26","0","3","0","0","1","1","100","0","0","0","2","0","1","1","0","0","0","2"
"Diaz Riquleme, Diego","3","23:25","2","3","1","33.3","5","0","0","0","0","0","3","4","4","8","3","0","0","1"
"Diaz Rueda, Nicolas","2","2:01","0","0","0","0","0","0","0","0","0","0","0","0","0","0","0","0","0","1"
"Diaz Soto, Pablo","7","205:15","21","46","13","28.3","13","5","38.5","10","4","40","53","2","24","26","10","0","4","11"
"Dominguez Herrera, Carlos O.","5","138:16","9","24","4","16.7","38","15","39.5","16","7","43.8","49","9","28","37","1","0","4","20"
"Dominguez Larranaga, Francisco J.","5","44:19","7","0","0","0","8","1","12.5","0","0","0","2","5","13","18","3","0","4","2"
"Donoso Pacheco, Ignacio","3","40:21","3","1","0","0","4","1","25","4","3","75","5","0","4","4","2","0","1","6"
"Dumbar Pinto, Neysan","2","12:37","0","0","0","0","3","1","33.3","0","0","0","2","2","1","3","0","0","0","1"
"Duran Ramirez, Sebastian A.","3","40:16","4","11","3","27.3","3","2","66.7","3","3","100","16","7","7","14","0","0","1","3"
"Echeverria Aguirre, David","3","25:30","2","0","0","0","3","1","33.3","2","0","0","2","1","3","4","0","0","1","2"
"Elgarrista Escobar, Javier","1","16:33","1","1","0","0","2","2","100","0","0","0","4","0","0","0","0","0","2","0"
"Escalona Cornejo, Nicolas","6","160:25","9","21","6","28.6","38","22","57.9","14","9","64.3","71","7","23","30","8","0","16","12"
"Escobar Agurto, Benjamin","6","96:45","7","7","1","14.3","37","21","56.8","16","10","62.5","55","14","2","16","16","0","8","10"
"Espinoza Cantillana, Sebastian","6","63:12","9","0","0","0","8","5","62.5","3","2","66.7","12","3","12","15","3","0","2","4"
"Espinoza Hernandez, Tomas","6","179:14","19","4","2","50","43","15","34.9","11","6","54.5","42","16","34","50","6","6","1","12"
"Espinoza Padilla, Martin A.","7","188:18","16","35","9","25.7","25","11","44","16","13","81.3","62","6","33","39","14","0","15","14"
"Espinoza Salinas, Damian A.","6","84:05","7","6","1","16.7","8","2","25","8","4","50","11","5","6","11","4","1","7","9"
"Esquivel Sandoval, Nicolas","3","24:38","4","3","1","33.3","8","2","25","0","0","0","7","0","3","3","2","0","1","3"
"Estay Romero, Miguel","3","53:01","5","0","0","0","10","5","50","6","5","83.3","15","4","7","11","0","1","1","3"
"EYZAGUIRRE, SEBASTIAN","3","43:16","0","0","0","0","7","2","28.6","0","0","0","4","3","3","6","4","1","0","2"
"Faguas Guzman, Benjamin","2","11:25","0","0","0","0","3","0","0","0","0","0","0","0","2","2","0","0","0","1"
"Farfan Meneses, Martin","7","181:45","14","12","4","33.3","60","37","61.7","41","21","51.2","107","17","55","72","10","6","14","13"
"Farias Vegara, Manuel I.","7","107:36","7","13","0","0","14","6","42.9","12","7","58.3","19","5","15","20","5","1","2","3"
"Fernandez Acevedo, Lucas A.","6","155:55","9","39","11","28.2","24","10","41.7","8","5","62.5","58","1","29","30","11","1","17","12"
"Fernandez Figueroa, Nicolas","6","66:36","8","2","0","0","15","4","26.7","4","3","75","11","1","11","12","7","1","6","5"
"Fernandez Torrealba, Bastian","4","81:13","12","6","1","16.7","16","6","37.5","2","2","100","17","5","10","15","1","6","1","7"
"Ferrada Ovando, Fabian","5","86:41","7","1","1","100","12","3","25","3","1","33.3","10","5","8","13","2","1","5","15"
"Fierro Velasquez, Pablo F.","4","45:46","4","2","0","0","6","3","50","0","0","0","6","1","10","11","1","0","2","2"
"Figueroa Parra, Renato I.","4","93:09","12","14","3","21.4","20","9","45","3","1","33.3","28","4","8","12","10","0","8","9"
"Flores Castillo, Ignacio","2","10:09","0","1","0","0","3","0","0","2","1","50","1","0","0","0","0","0","0","1"
"Flores Cortes, Manuel I.","4","132:36","11","22","6","27.3","43","19","44.2","24","14","58.3","70","4","11","15","8","4","17","10"
"Flores Diaz, Bastian","1","15:51","0","1","1","100","3","1","33.3","2","0","0","5","0","0","0","0","0","0","2"
"Flores Matus, Claudio","6","75:48","6","15","2","13.3","11","3","27.3","0","0","0","12","2","1","3","1","0","2","5"
"Flores Sagredo, Joaquin","3","17:49","2","0","0","0","5","1","20","0","0","0","2","0","0","0","0","0","0","0"
"Fontalba Gallardo, Jaime","1","28:04","1","1","1","100","9","3","33.3","2","2","100","11","1","6","7","0","0","2","2"
"Fredes Bugueno, Benjamin","4","35:37","3","2","0","0","9","6","66.7","0","0","0","12","2","3","5","0","0","1","4"
"Fredes Carreno, Nicolas","3","29:55","2","5","1","20","3","1","33.3","0","0","0","5","0","5","5","1","0","1","3"
"Fredes Huenupi, Marcelo","1","3:19","1","0","0","0","1","0","0","0","0","0","0","0","0","0","1","0","0","1"
"Fuentes Cires, Matias","6","146:43","15","27","3","11.1","8","3","37.5","3","3","100","18","1","7","8","3","0","9","5"
"Fuentes Diaz, Agustin","2","35:28","6","3","3","100","13","3","23.1","0","0","0","15","2","1","3","3","1","0","6"
"Fuentes Duran, Agustin","2","16:40","0","0","0","0","3","1","33.3","0","0","0","2","0","3","3","2","0","0","1"
"Fuentes Duran, Fernando","4","82:59","7","1","0","0","24","11","45.8","10","2","20","24","3","13","16","1","1","3","6"
"Fuentes Villarreal, Luis","6","165:30","9","34","4","11.8","30","13","43.3","12","6","50","44","4","15","19","16","1","14","45"
"Fuenzalida Silva, Vicente","6","84:15","10","0","0","0","34","17","50","5","3","60","37","10","21","31","5","1","2","10"
"Gajardo Aracena, Pablo","6","102:38","15","38","10","26.3","13","7","53.8","5","3","60","47","2","11","13","2","0","4","5"
"Gajardo Gajardo, Renato M.","3","41:11","6","2","0","0","10","6","60","2","1","50","13","1","6","7","0","1","4","5"
"Galdames Fuentes, Matias S.","5","44:44","2","2","0","0","12","6","50","2","1","50","13","3","9","12","1","0","6","4"
"Galindo Aude, Matias","6","105:57","7","15","3","20","23","7","30.4","5","1","20","24","4","13","17","4","0","9","19"
"Gallardo Araya, Diego","3","35:56","2","3","1","33.3","3","2","66.7","1","0","0","7","0","0","0","2","0","1","3"
"Gallardo Barrientos, Nicolas","7","193:29","8","58","25","43.1","34","16","47.1","23","19","82.6","126","3","12","15","10","0","14","11"
"Gallardo Garcia, Joaquin","6","126:35","18","3","0","0","27","6","22.2","24","15","62.5","27","19","32","51","3","3","3","13"
"Gallardo Sepulveda, Cristobal","3","34:28","2","2","0","0","8","4","50","0","0","0","8","3","5","8","3","0","3","4"
"Gallego Rosso, Juan","3","18:16","0","0","0","0","2","1","50","2","0","0","2","0","4","4","0","0","0","4"
"Gallegos Moya, Carlos","5","94:51","14","10","2","20","24","8","33.3","7","2","28.6","24","4","6","10","8","2","8","7"
"Galvez Lienlaf, Diego","2","18:46","1","2","1","50","4","1","25","0","0","0","5","0","2","2","0","0","0","3"
"Gannat Huerta, Gabriel I.","6","130:35","13","7","2","28.6","13","2","15.4","9","6","66.7","16","2","22","24","13","2","11","12"
"Garces Perez, Cristian J.","6","147:46","11","5","1","20","45","27","60","15","9","60","66","8","22","30","13","2","15","16"
"Garcia Ahumada, Juan J.","3","23:06","4","2","0","0","3","2","66.7","2","1","50","5","0","3","3","0","0","0","2"
"Garcia Andrade, Vicente B.","7","128:08","16","11","1","9.1","21","9","42.9","11","10","90.9","31","0","15","15","8","0","22","7"
"Garcia Cardenas, Nicolas","3","29:56","1","3","0","0","5","1","20","0","0","0","2","2","2","4","1","1","0","5"
"Garcia Catrihual, Camilo","2","31:41","0","8","3","37.5","4","1","25","0","0","0","11","1","2","3","2","0","0","1"
"Garcia Ferrer, Samuel","5","78:50","6","9","2","22.2","12","5","41.7","6","3","50","19","1","4","5","4","1","3","14"
"Garcia Ferrer, Saul","1","16:19","3","2","0","0","3","1","33.3","2","1","50","3","1","3","4","0","1","2","3"
"Garcia Gaete, Esteban","6","74:27","13","9","0","0","11","2","18.2","3","3","100","7","2","9","11","5","0","2","7"
"Garcia Ortiz, Lucas","4","36:25","0","1","0","0","10","3","30","3","0","0","6","1","2","3","2","0","1","5"
"Gatica Badilla, Felipe A.","4","127:07","9","26","5","19.2","30","10","33.3","37","23","62.2","58","10","15","25","8","1","12","17"
"Godoy Carrasco, Diego A.","1","13:31","0","4","0","0","1","0","0","0","0","0","0","0","1","1","1","0","2","1"
"Godoy Castillo, Agustin","6","86:16","10","16","4","25","19","10","52.6","5","3","60","35","11","8","19","3","1","1","3"
"Godoy Garcia, Victor","5","114:02","15","13","3","23.1","29","14","48.3","21","10","47.6","47","16","31","47","3","4","1","7"
"Godoy Santana, Ruben A.","1","10:22","2","0","0","0","5","4","80","0","0","0","8","2","4","6","0","0","0","1"
"Gomez Moreno, Kremlyn","1","9:11","2","0","0","0","0","0","0","0","0","0","0","1","3","4","0","0","0","0"
"Gomez Puchi, Benjamin","2","12:50","0","1","0","0","5","4","80","0","0","0","8","1","2","3","0","0","1","0"
"Gomez Sepulveda, Matias","3","8:56","2","2","0","0","0","0","0","0","0","0","0","0","0","0","0","0","0","0"
"Gomez Sitja, Vicente","5","76:16","11","2","0","0","17","4","23.5","0","0","0","8","6","11","17","4","0","5","12"
"Gomez Vidal, Joaquin","6","219:47","16","58","22","37.9","58","15","25.9","55","42","76.4","138","8","53","61","15","1","15","14"
"Gonzalez Acevedo, Tomas I.","5","178:44","12","18","5","27.8","58","23","39.7","45","26","57.8","87","8","41","49","17","0","15","30"
"Gonzalez Araneda, Vicente I.","1","5:46","0","0","0","0","0","0","0","0","0","0","0","0","0","0","1","0","0","0"
"Gonzalez Barros, Maximo","4","67:41","12","0","0","0","23","14","60.9","14","9","64.3","37","10","12","22","5","2","1","6"
"Gonzalez Cardenas, Tomas E.","4","25:08","1","1","0","0","3","2","66.7","0","0","0","4","0","3","3","1","0","1","5"
"Gonzalez Cataldo, Matias I.","6","143:07","20","2","1","50","30","13","43.3","20","14","70","43","6","13","19","12","0","14","14"
"Gonzalez Infestas, Vicente B.","4","40:55","5","11","5","45.5","9","4","44.4","2","2","100","25","2","2","4","2","0","1","2"
"Gonzalez Lazcano, David I.","7","120:15","3","20","4","20","24","14","58.3","5","2","40","42","6","14","20","8","1","6","7"
"Gonzalez Lopez, Gabriel J.","7","261:42","21","3","1","33.3","110","57","51.8","41","24","58.5","141","25","55","80","12","9","14","18"
"Gonzalez Morales, Alfonso","3","73:35","5","14","6","42.9","24","12","50","15","13","86.7","55","8","25","33","10","4","2","5"
"Gonzalez Olmazabal, Reinero A.","3","62:10","2","28","8","28.6","9","7","77.8","9","4","44.4","42","4","2","6","10","0","3","4"
"Gonzalez Quintero, Jhon","3","23:21","0","2","1","50","6","2","33.3","0","0","0","7","0","0","0","3","0","1","4"
"Gonzalez Vega, Paulo","4","71:47","7","4","1","25","2","0","0","4","2","50","5","4","5","9","1","0","4","5"
"Gottschalk Rojas, Pablo","3","46:44","2","6","0","0","4","2","50","0","0","0","4","0","7","7","1","0","1","6"
"Guerraty Acevedo, Gabriel","2","22:53","1","0","0","0","5","2","40","4","3","75","7","2","3","5","0","0","1","0"
"Guevara Alvarez, Alejandro I.","5","91:30","9","13","1","7.7","22","13","59.1","10","5","50","34","6","22","28","4","0","8","5"
"Guzman Choez, Jean C.","5","92:33","6","10","3","30","29","8","27.6","9","6","66.7","31","7","2","9","7","1","5","5"
"Guzman Varela, Samuel","1","0:55","0","0","0","0","0","0","0","0","0","0","0","0","0","0","0","0","0","0"
"Hellman Castro, Benjamin A.","6","59:27","12","0","0","0","13","6","46.2","2","0","0","12","15","12","27","2","4","1","8"
"Henriquez Bustos, Kevin","2","36:06","7","1","0","0","12","6","50","12","6","50","18","3","6","9","8","0","2","3"
"Hernandez Pena, Alonso A.","6","144:59","16","14","3","21.4","55","23","41.8","4","1","25","56","13","30","43","4","1","6","9"
"Herrera Barria, Esteban","5","146:00","13","0","0","0","33","14","42.4","13","4","30.8","32","14","19","33","13","2","6","4"
"Herrera Gonzalez, Jhon","1","27:40","2","2","0","0","9","4","44.4","3","1","33.3","9","1","4","5","1","0","2","4"
"Herrera Mella, Julian","1","11:46","1","1","0","0","0","0","0","0","0","0","0","0","2","2","0","0","1","0"
"Herrera Sepulveda, Vicente","3","58:26","9","7","0","0","5","2","40","0","0","0","4","3","4","7","3","0","4","8"
"Herrera Vargas, Martin","1","7:49","1","1","0","0","2","0","0","0","0","0","0","0","4","4","0","0","0","0"
"Hilare, Ismael","5","86:39","13","13","4","30.8","32","13","40.6","11","5","45.5","43","8","12","20","8","0","2","10"
"Homad Gallardo, Ricardo O.","7","124:17","13","10","0","0","15","7","46.7","7","2","28.6","16","6","20","26","6","0","11","11"
"Houter Hube, Robert","1","2:43","0","0","0","0","0","0","0","0","0","0","0","0","1","1","0","0","0","0"
"Huichalao Delgado, Branco J.","4","77:39","10","7","1","14.3","10","5","50","2","2","100","15","7","5","12","6","1","8","11"
"Hurtado Beckdorf, Nicolas","5","133:33","26","34","11","32.4","19","5","26.3","24","13","54.2","56","5","23","28","8","1","6","22"
"Imas Riquelme, Thomas R.","5","96:54","8","20","7","35","32","22","68.8","10","7","70","72","6","15","21","16","2","14","11"
"Inhen Farias, Nicolas","7","222:19","19","76","20","26.3","38","14","36.8","30","22","73.3","110","9","41","50","13","3","12","22"
"Inostroza Acosta, Juan","5","93:49","4","1","0","0","12","4","33.3","2","2","100","10","5","15","20","5","0","5","6"
"Irarrazabal Villarroel, Cristobal","3","93:28","7","7","1","14.3","35","14","40","10","4","40","35","4","13","17","10","0","8","18"
"Iribarra Concha, Gonzalo","6","32:41","6","3","0","0","3","1","33.3","6","2","33.3","4","2","5","7","2","0","3","6"
"Iribarren Vidal, Jose","4","28:14","2","6","2","33.3","1","0","0","3","3","100","9","0","2","2","0","0","2","2"
"Iturra Carrasco, Matias","7","60:25","0","6","2","33.3","14","6","42.9","7","3","42.9","21","4","5","9","0","0","4","2"
"Jara Aceituno, Sebastian E.","6","158:03","17","11","3","27.3","43","23","53.5","12","9","75","64","10","36","46","15","5","15","15"
"Jara Bustamante, Benjamin","2","20:54","3","0","0","0","6","1","16.7","4","2","50","4","1","4","5","3","0","1","3"
"Jara Cadiz, Dhuball M.","6","169:38","10","26","5","19.2","35","14","40","22","7","31.8","50","8","33","41","6","0","5","5"
"Jara Pavez, Francisco J.","7","122:28","12","4","1","25","25","12","48","14","8","57.1","35","13","16","29","4","0","1","7"
"Jarpa Herrera, David E.","2","24:00","4","2","1","50","6","1","16.7","1","1","100","6","2","2","4","2","0","1","1"
"Jarpa Tagle, Maximiliano","3","21:24","1","0","0","0","8","3","37.5","0","0","0","6","2","4","6","0","0","1","2"
"Jimenez Heijboer, Benjamin","4","64:02","2","9","2","22.2","15","1","6.7","0","0","0","8","0","6","6","1","0","3","4"
"Jimenez Maureira, Valentin I.","2","15:43","0","1","0","0","4","1","25","0","0","0","2","2","2","4","2","0","0","0"
"Jofre Valenzuela, Edisson","6","149:40","21","25","4","16","23","8","34.8","14","13","92.9","41","6","30","36","14","2","17","15"
"Jorquera Correa, Cesar","7","104:33","9","6","1","16.7","15","9","60","11","3","27.3","24","6","20","26","10","0","10","13"
"Kresse Munoz, Alberto","1","0:58","0","1","1","100","0","0","0","0","0","0","3","0","0","0","0","0","0","0"
"Kusch Dominguez, Diego J.","5","91:59","6","5","0","0","15","8","53.3","1","0","0","16","4","7","11","4","0","6","9"
"Labra Catalan, Luis","4","37:35","6","2","0","0","9","3","33.3","3","2","66.7","8","1","6","7","1","0","0","6"
"Labra Inzunza, Benjamin","1","5:52","0","0","0","0","0","0","0","0","0","0","0","0","1","1","0","0","2","2"
"Labra Jerez, Renato","2","26:03","1","8","2","25","1","0","0","0","0","0","6","0","2","2","2","0","0","3"
"Lamas Reyes, Dimas","2","53:07","7","4","0","0","20","8","40","6","0","0","16","2","1","3","4","1","4","9"
"Landaeta Riquelme, Joaquin","1","16:31","0","0","0","0","7","3","42.9","0","0","0","6","0","2","2","1","1","0","1"
"Lara Arce, Hugo","6","62:00","10","0","0","0","10","4","40","4","1","25","9","3","8","11","1","0","1","5"
"Lara Gonzalez, Marcelo","5","48:43","5","14","2","14.3","6","2","33.3","0","0","0","10","1","3","4","2","0","6","5"
"Lara Henriquez, Abner","6","73:18","5","9","1","11.1","13","4","30.8","6","3","50","14","7","13","20","9","0","9","6"
"Larenas Bernal, Luciano","5","19:25","2","0","0","0","5","1","20","0","0","0","2","2","4","6","1","0","0","4"
"Latorre Carrasco, Diego","5","11:55","1","1","0","0","1","0","0","0","0","0","0","0","1","1","2","0","0","1"
"Leiva Ponce, Tomas A.","2","4:28","2","0","0","0","0","0","0","0","0","0","0","1","1","2","0","0","0","2"
"Leiva Vergara, Vicente I.","6","102:27","4","11","3","27.3","19","10","52.6","3","3","100","32","1","10","11","1","3","6","10"
"Leon Poblete, Francisco J.","4","18:40","3","2","0","0","2","0","0","2","1","50","1","0","2","2","0","0","0","1"
"Lobo Dominguez, Oscar G.","5","182:40","25","11","1","9.1","67","29","43.3","22","8","36.4","69","2","39","41","4","2","2","28"
"Lopez Arancibia, Alberto","4","119:12","7","14","5","35.7","15","6","40","5","2","40","29","2","23","25","6","4","19","5"
"Lopez Mena, Maximiliano","3","68:49","8","20","3","15","7","3","42.9","2","1","50","16","1","4","5","6","1","2","8"
"Lopez Mena, Sebastian A.","6","51:26","8","2","0","0","14","4","28.6","2","2","100","10","1","5","6","2","2","1","3"
"Lopez Perez, Agustin","4","67:24","7","9","2","22.2","13","5","38.5","6","1","16.7","17","1","9","10","5","1","12","12"
"Lopez Perez, Matias F.","6","105:13","4","24","6","25","23","13","56.5","4","1","25","45","4","14","18","19","0","16","5"
"Lueiza Carrasco, Ignacio","5","115:53","8","16","2","12.5","20","3","15","6","3","50","15","2","9","11","1","0","5","13"
"Maass Moraga, Ricardo F.","5","84:04","6","12","4","33.3","30","11","36.7","10","6","60","40","3","10","13","1","1","9","10"
"Madariaga Rivera, Felipe","5","20:00","3","4","0","0","4","1","25","0","0","0","2","0","0","0","1","0","0","4"
"Maldonado Llanllan, Diego","6","187:22","16","20","6","30","39","14","35.9","16","11","68.8","57","9","31","40","9","1","16","10"
"Maldonado Pacheco, Nicolas I.","6","136:15","11","28","10","35.7","23","11","47.8","2","1","50","53","17","17","34","22","0","9","9"
"Mancilla Cataldo, Nicolas I.","6","44:38","9","0","0","0","16","5","31.3","2","1","50","11","3","7","10","0","1","3","3"
"Mancilla Suarez, Felipe A.","7","167:31","10","23","6","26.1","34","15","44.1","18","9","50","57","8","18","26","10","0","17","16"
"Manriquez Rodriguez, Cadmiel","2","14:09","3","1","0","0","5","1","20","2","0","0","2","0","0","0","2","0","0","6"
"Mansilla Perez, Matias","2","13:51","1","0","0","0","1","0","0","2","2","100","2","1","3","4","2","0","1","0"
"Marin Poblete, Cristobal A.","3","8:51","0","0","0","0","1","0","0","0","0","0","0","0","3","3","0","0","0","4"
"Marrero Reina, Luis","6","145:24","20","3","0","0","42","22","52.4","33","13","39.4","57","29","41","70","3","2","2","11"
"Martinez Alvarado, Benjamin","2","10:20","1","0","0","0","1","0","0","2","0","0","0","0","2","2","0","0","0","2"
"Martinez Arriagada, Matias F.","5","134:40","9","7","3","42.9","41","12","29.3","18","14","77.8","47","5","24","29","8","0","4","10"
"Martinez Becerra, Gabriel A.","5","72:57","10","12","3","25","16","7","43.8","3","1","33.3","24","4","15","19","4","1","5","7"
"Martinez Burgos, Cristobal D.","2","60:22","7","14","6","42.9","17","7","41.2","16","11","68.8","43","7","15","22","9","3","7","6"
"Martinez Carrillo, Ignacio","5","87:36","8","1","0","0","33","16","48.5","11","2","18.2","34","16","18","34","2","3","2","6"
"Martinez Segura, Allan","5","57:20","13","5","1","20","18","4","22.2","4","2","50","13","12","11","23","5","1","5","10"
"Matos Lopez, Nelson","3","86:27","13","0","0","0","27","14","51.9","9","4","44.4","32","14","12","26","4","0","4","7"
"Matthews Alvarez, Martin","5","65:55","10","1","1","100","21","12","57.1","3","3","100","30","9","9","18","0","4","2","3"
"Maureira Pinilla, Benjamin","4","72:21","3","3","0","0","16","6","37.5","4","2","50","14","3","10","13","8","0","4","3"
"Mayorga Burgos, Juan I.","6","119:57","7","15","4","26.7","50","12","24","4","1","25","37","10","16","26","8","2","5","14"
"Mayorga Torres, Felipe A.","5","114:08","12","18","5","27.8","37","11","29.7","14","8","57.1","45","11","15","26","4","4","5","21"
"Mazzarelli Araya, Giordano","6","36:05","2","1","0","0","3","0","0","4","2","50","2","1","5","6","0","0","2","4"
"Medina Munoz, Diego","4","44:19","5","6","1","16.7","0","0","0","0","0","0","3","0","5","5","2","1","4","1"
"Medina Villarroel, Emilio","2","37:08","2","4","1","25","6","3","50","1","1","100","10","0","6","6","3","1","2","5"
"Mendez Castillo, Martin","5","125:52","19","15","5","33.3","15","4","26.7","6","2","33.3","25","8","25","33","5","3","7","2"
"Mendez Sciaraffia, Juan","4","42:19","4","7","1","14.3","1","0","0","4","2","50","5","0","8","8","1","2","1","4"
"Meneses Galdames, Jose","3","29:32","2","5","1","20","4","1","25","6","5","83.3","10","0","6","6","2","0","2","1"
"Merino Jara, Cristopher","2","16:41","3","0","0","0","13","9","69.2","4","2","50","20","3","4","7","0","1","1","1"
"Molina Sandoval, Vicente I.","1","27:55","4","4","1","25","6","3","50","2","2","100","11","2","6","8","0","0","1","4"
"Monsalves Vergara, Alexander","4","112:45","14","7","3","42.9","26","14","53.8","26","14","53.8","51","5","19","24","4","0","9","15"
"Montana Morales, Andres","6","142:06","17","10","1","10","30","17","56.7","17","7","41.2","44","10","19","29","12","1","11","14"
"Montecinos Gonzalez, Benjamin N.","5","58:16","2","6","1","16.7","4","1","25","3","0","0","5","1","5","6","3","0","5","3"
"Moraga Campos, Pablo","2","45:08","1","3","1","33.3","6","3","50","2","1","50","10","4","8","12","2","1","2","5"
"Moraga Cuevas, Agustin","5","132:55","8","23","12","52.2","37","15","40.5","16","11","68.8","77","3","32","35","16","4","32","13"
"Moraga Cuevas, Cristobal Eduardo","5","72:36","6","0","0","0","10","2","20","4","4","100","8","2","7","9","3","0","3","11"
"Morales Celis, Victor A.","1","2:49","1","0","0","0","0","0","0","0","0","0","0","0","0","0","0","0","0","2"
"Morales Gonzalez, Daniel","5","148:05","5","4","0","0","41","23","56.1","8","3","37.5","49","7","20","27","11","3","8","4"
"Morales Navarro, Benjamin","7","147:15","2","26","4","15.4","44","18","40.9","9","3","33.3","51","4","5","9","9","0","6","17"
"Morales Olea, Bryan","7","177:20","9","13","2","15.4","63","39","61.9","14","10","71.4","94","33","36","69","19","4","13","10"
"Morales Ordenes, Martin P.","4","81:26","7","4","0","0","45","30","66.7","19","12","63.2","72","14","18","32","4","0","14","5"
"Morel Fernandez, Juan Pablo","7","212:47","21","6","0","0","46","20","43.5","10","4","40","44","22","44","66","6","4","9","16"
"Moscoso Abarzua, Diego N.","4","91:04","8","9","1","11.1","19","12","63.2","7","4","57.1","31","10","16","26","4","1","11","4"
"Moya Bustamante, Maximiliano","2","29:33","2","10","2","20","4","2","50","0","0","0","10","1","4","5","2","0","2","1"
"Moya Diaz, Esteban M.","6","48:55","14","2","1","50","10","4","40","2","0","0","11","2","6","8","1","0","2","4"
"Moyano Contreras, Cristian","1","2:07","0","0","0","0","1","0","0","0","0","0","0","1","0","1","1","0","0","0"
"Moyano Gonzalez, Jorge","1","10:35","0","7","3","42.9","0","0","0","0","0","0","9","1","0","1","1","0","1","0"
"Moya Pacheco, Joaquin","3","18:02","3","0","0","0","0","0","0","0","0","0","0","0","4","4","0","0","1","1"
"Muller Juliet, Benjamin","4","29:40","3","2","0","0","6","3","50","3","3","100","9","1","1","2","4","0","2","1"
"Munizaga Olvarravia, Bastian","4","98:58","3","14","3","21.4","10","7","70","13","12","92.3","35","5","12","17","1","0","5","8"
"Munoz Bernucci, Sady","5","80:40","4","15","2","13.3","6","2","33.3","1","1","100","11","1","10","11","2","0","1","4"
"Munoz Frey, Maximiliano","2","8:54","2","0","0","0","5","2","40","3","0","0","4","2","2","4","0","0","0","4"
"Munoz Garcia, Ricardo","2","21:07","2","1","0","0","4","0","0","2","1","50","1","2","5","7","1","0","2","2"
"Munoz Hinojosa, Maximiliano","4","92:55","10","2","0","0","31","11","35.5","4","3","75","25","3","11","14","3","1","4","12"
"Munoz Hinojoza, Diego","2","19:54","0","0","0","0","4","2","50","0","0","0","4","4","2","6","3","0","1","0"
"Munoz Sandoval, Luis","5","67:12","10","7","0","0","10","8","80","6","4","66.7","20","2","8","10","5","0","6","10"
"Narvaez Montecinos, Diego S.","6","159:50","18","22","5","22.7","36","20","55.6","19","15","78.9","70","10","40","50","10","2","12","21"
"Narvaez Rojas, Elias","7","82:49","6","23","8","34.8","6","1","16.7","0","0","0","26","3","10","13","3","0","2","5"
"Navarrete Lopez, Vicente","2","4:07","0","0","0","0","0","0","0","0","0","0","0","0","1","1","0","0","0","0"
"Navarrete Silva, Joaquin","5","164:39","8","30","10","33.3","42","22","52.4","7","3","42.9","77","11","37","48","15","3","19","30"
"Navarrete Torres, Sebastian","7","133:39","7","9","1","11.1","56","34","60.7","27","16","59.3","87","19","22","41","8","7","8","9"
"Navarrete Vega, Diego","1","10:22","0","1","1","100","1","1","100","4","2","50","7","0","1","1","0","0","1","1"
"Ocampo Mosqueira, Nicolas","2","10:49","0","0","0","0","0","0","0","0","0","0","0","0","1","1","0","0","1","4"
"Ojeda Gonzalez, Felipe","5","58:57","8","11","4","36.4","11","3","27.3","4","1","25","19","4","12","16","2","1","5","6"
"Ojeda Ojeda, Gaspar","2","25:31","1","2","2","100","4","1","25","0","0","0","8","1","4","5","4","0","0","8"
"Olea Diaz, Bastian","5","111:43","8","27","6","22.2","18","10","55.6","8","4","50","42","8","22","30","6","0","10","8"
"Oliva Parada, Nicolas","3","16:40","1","0","0","0","6","2","33.3","0","0","0","4","1","3","4","1","0","0","6"
"Olivares Rojo, Cristian","3","56:02","3","13","4","30.8","10","5","50","1","1","100","23","3","6","9","2","0","6","2"
"Olivares Rubio, Francisco A.","2","22:11","0","6","2","33.3","1","1","100","0","0","0","8","0","5","5","0","0","1","1"
"Olivares Zepeda, Elias","1","20:13","3","1","0","0","4","0","0","2","0","0","0","1","4","5","1","0","1","2"
"Onate Gonzalez, Matias","4","96:58","7","0","0","0","37","19","51.4","10","6","60","44","7","25","32","2","9","3","10"
"Orellana San Martin, Kevin T.","4","19:01","2","0","0","0","9","2","22.2","0","0","0","4","3","5","8","0","2","1","3"
"Orellana Zuniga, Erick","4","116:01","16","11","4","36.4","14","5","35.7","8","7","87.5","29","2","17","19","9","0","10","18"
"Ortega Constanzo, Kevin","5","141:20","12","12","5","41.7","35","15","42.9","24","15","62.5","60","5","17","22","21","0","27","18"
"Ortiz de Zarate, Nicolas","5","90:15","10","0","0","0","27","11","40.7","16","8","50","30","12","18","30","3","1","0","6"
"Ortiz Toro, Miguel F.","2","28:16","4","5","2","40","4","2","50","3","3","100","13","0","0","0","1","0","4","6"
"Osorio Nunez, Nicolas","2","9:39","2","6","0","0","2","1","50","1","0","0","2","0","0","0","0","0","0","2"
"Osorio Saavedra, Alfonso J.","6","63:51","4","7","3","42.9","10","8","80","2","2","100","27","5","5","10","4","0","5","1"
"Ossandon Saavedra, Maximiliano","6","116:46","10","18","5","27.8","20","8","40","9","5","55.6","36","6","13","19","4","1","5","7"
"Osses Ortiz, Cristopher L.","6","124:15","12","4","0","0","54","29","53.7","26","19","73.1","77","13","26","39","29","0","29","16"
"Otiker Morales, Dimitri","6","32:21","3","1","0","0","4","2","50","0","0","0","4","1","4","5","1","0","1","1"
"Oyarzun Schubbe, Kemmeth","2","59:32","1","8","1","12.5","9","2","22.2","2","0","0","7","0","9","9","5","0","1","3"
"Pacheco Munoz, Jorge","3","94:14","3","12","0","0","17","8","47.1","9","7","77.8","23","1","14","15","7","0","15","5"
"Palencia Aldao, Yosser","7","131:13","13","2","1","50","20","9","45","12","8","66.7","29","7","26","33","5","2","9","14"
"Palma Avalos, Carlos","2","20:34","2","1","0","0","6","1","16.7","0","0","0","2","2","3","5","2","0","2","1"
"Paredes Soto, Marco","4","122:19","9","5","1","20","31","14","45.2","13","8","61.5","39","3","15","18","7","3","8","23"
"Patino Henriquez, Matias","3","25:49","1","1","0","0","6","1","16.7","0","0","0","2","0","2","2","1","0","0","8"
"Pena Castro, Camilo A.","2","52:40","3","7","1","14.3","19","9","47.4","6","1","16.7","22","3","3","6","8","1","4","5"
"Penaloza Fuentes, Patricio I.","6","217:18","9","46","13","28.3","43","17","39.5","37","26","70.3","99","15","29","44","2","2","10","19"
"Peralta Gori, Maximiliano","4","122:46","6","8","1","12.5","25","16","64","5","2","40","37","11","50","61","0","16","10","11"
"Pereira Rojas, Sebastian","2","36:47","3","7","3","42.9","13","6","46.2","2","2","100","23","6","7","13","1","1","4","8"
"Perez Lantadilla, Vicente","3","34:34","3","1","1","100","4","3","75","7","6","85.7","15","2","6","8","2","1","0","1"
"Perez Perez, Francisco S.","7","208:36","20","4","1","25","71","25","35.2","29","10","34.5","63","41","55","96","10","5","7","37"
"Perez Solis, Benjamin M.","7","96:28","8","11","5","45.5","15","6","40","6","3","50","30","6","17","23","10","0","5","7"
"Peters Diaz, Erik","6","95:37","5","9","2","22.2","19","9","47.4","9","6","66.7","30","4","12","16","6","0","8","6"
"Peters Diaz, Kurt","5","57:28","9","4","0","0","15","9","60","5","0","0","18","7","12","19","3","0","6","1"
"Pinilla Robles, Rafael","4","64:44","14","11","2","18.2","7","1","14.3","0","0","0","8","3","16","19","5","2","5","8"
"Pino Fuenzalida, Dylan","5","128:44","13","29","4","13.8","39","15","38.5","15","11","73.3","53","10","12","22","9","1","7","12"
"Pinto Aravena, Vicente A.","1","19:23","1","0","0","0","4","1","25","4","1","25","3","0","3","3","0","1","0","0"
"Pinto Toro, Lucas","4","49:31","0","9","2","22.2","15","9","60","2","1","50","25","2","6","8","2","0","1","9"
"Plaza Gonzalez, Diego","6","113:32","7","10","4","40","24","14","58.3","15","9","60","49","6","19","25","12","0","5","5"
"Poblete Olivares, Javier","1","0:46","0","0","0","0","1","1","100","0","0","0","2","1","0","1","0","0","0","0"
"Poblete Riquelme, Victor M.","5","75:59","7","4","0","0","11","4","36.4","4","1","25","9","11","11","22","3","2","8","10"
"Pozas Mancilla, Diego","6","160:43","17","16","2","12.5","35","19","54.3","10","7","70","51","10","26","36","7","5","8","10"
"Pozo Zambrano, Benjamin I.","5","152:33","15","15","4","26.7","27","6","22.2","10","8","80","32","12","33","45","13","1","7","24"
"Preter Valderrama, Vicente","3","7:15","0","0","0","0","1","0","0","0","0","0","0","2","0","2","0","0","2","1"
"Puga Calderon, Daniel","3","66:55","2","1","1","100","15","9","60","9","5","55.6","26","13","10","23","2","0","0","3"
"Puga Castillo, Benjamin","1","10:25","0","5","1","20","1","0","0","0","0","0","3","0","0","0","0","0","0","0"
"Puratic Restovic, Milan","4","71:03","4","2","0","0","16","6","37.5","8","7","87.5","19","3","10","13","4","1","3","7"
"Quezada, Mateo","1","8:01","1","0","0","0","0","0","0","0","0","0","0","1","0","1","0","1","0","1"
"Quinteros Rojas, Victor","4","52:08","7","4","1","25","7","3","42.9","0","0","0","9","0","3","3","3","0","3","3"
"Quiroz Duran, Vicente A.","4","63:14","4","8","2","25","11","5","45.5","4","3","75","19","6","1","7","5","0","1","1"
"Ramos Martinez, Johan","5","87:13","6","0","0","0","26","11","42.3","10","4","40","26","5","18","23","7","1","4","6"
"Rannau Garrido, Fernando A.","4","84:02","14","11","3","27.3","16","4","25","9","4","44.4","21","6","15","21","11","0","5","2"
"Redlich Mansilla, Joaquin A.","6","129:11","5","20","7","35","12","3","25","2","2","100","29","3","16","19","4","2","3","9"
"Restovic Franco, Drazen","3","117:11","10","23","8","34.8","42","25","59.5","25","16","64","90","14","26","40","5","0","8","8"
"Restrepo Cordoba, Jorge","7","87:32","12","14","5","35.7","13","4","30.8","8","4","50","27","4","9","13","13","0","4","8"
"Retamal Medina, Emilio A.","5","55:02","6","4","1","25","4","1","25","0","0","0","5","1","6","7","2","0","0","11"
"Rincon Reyes, Mateo","2","36:43","1","0","0","0","18","10","55.6","9","4","44.4","24","10","8","18","5","0","1","2"
"Rios Hernandez, Luis I.","3","21:41","0","0","0","0","6","3","50","0","0","0","6","1","4","5","2","1","1","6"
"Riquelme Aros, Nicolas","2","56:28","5","1","0","0","23","8","34.8","0","0","0","16","5","6","11","3","0","0","5"
"Rivas Lemp, Santiago","4","22:03","0","0","0","0","1","1","100","0","0","0","2","0","1","1","1","0","1","3"
"Rivera Fuentes, Maximiliano","1","6:01","0","0","0","0","0","0","0","0","0","0","0","0","0","0","0","0","0","0"
"Riveros Aguirre, Gustavo","6","198:36","20","22","3","13.6","68","33","48.5","25","6","24","81","10","38","48","12","5","12","36"
"Roco Silva, Benjamin","3","59:49","4","17","4","23.5","14","9","64.3","8","5","62.5","35","1","12","13","2","0","12","6"
"Rodo Gonzalez, Felipe","6","126:43","7","15","5","33.3","36","19","52.8","24","11","45.8","64","8","18","26","10","1","13","5"
"Rodriguez Aravena, Juan P.","6","78:54","14","18","5","27.8","2","1","50","2","0","0","17","1","11","12","2","0","2","11"
"Rodriguez Gomez, Roberth","4","122:22","4","17","1","5.9","43","10","23.3","8","4","50","27","3","14","17","5","0","7","16"
"Rodriguez Tovar, Rafael A.","5","32:30","3","3","0","0","8","0","0","2","0","0","0","0","4","4","3","0","2","7"
"Rojas Plaza, Benjamin","3","22:01","3","9","2","22.2","1","0","0","0","0","0","6","1","1","2","1","0","2","4"
"Rojas Rojas, Sebastian","3","63:15","7","9","1","11.1","15","3","20","13","8","61.5","17","4","5","9","0","2","3","6"
"Rojas Salinas, Maximiliano","5","122:43","16","16","5","31.3","48","24","50","11","4","36.4","67","12","11","23","18","0","9","16"
"Rojas Segovia, Inaki","7","101:50","6","5","2","40","33","7","21.2","14","6","42.9","26","6","12","18","11","1","5","12"
"Rojo Arqueros, Gonzalo","5","121:19","6","7","2","28.6","26","15","57.7","5","4","80","40","6","11","17","11","0","9","5"
"Romero Arancibia, Williams","2","10:31","0","3","1","33.3","1","0","0","0","0","0","3","1","1","2","0","1","0","1"
"Romero Cofre, Victor M.","4","133:23","15","26","6","23.1","75","34","45.3","40","24","60","110","13","47","60","10","4","3","23"
"Romero Munoz, Juan","7","143:45","14","2","1","50","35","18","51.4","21","12","57.1","51","18","23","41","6","3","6","14"
"Romo Vera, Ian D.","2","39:43","7","2","0","0","5","0","0","5","3","60","3","2","5","7","2","0","6","4"
"Roo Fuenmayor, Marcos","7","49:14","3","5","1","20","6","0","0","2","1","50","4","8","5","13","2","0","3","5"
"Rosales Marticorena, Vasco","1","4:34","0","0","0","0","3","0","0","0","0","0","0","2","0","2","0","0","0","0"
"Rosales Miranda, Renato I.","6","97:38","19","36","10","27.8","15","7","46.7","4","2","50","46","3","7","10","6","0","5","4"
"Rozas Abraham, Hector","6","55:18","0","2","0","0","3","0","0","0","0","0","0","2","6","8","0","0","3","7"
"Rubio Cardenas, Pablo","4","111:37","9","10","2","20","25","9","36","22","10","45.5","34","5","16","21","4","2","7","18"
"Rubio Romero, Dilan","7","138:54","13","16","5","31.3","48","23","47.9","17","12","70.6","73","9","24","33","22","0","18","11"
"Rueda Palma, Carlos","1","3:43","0","1","0","0","0","0","0","0","0","0","0","1","0","1","0","0","0","1"
"Ruiz Bucarey, Jose P.","6","162:25","16","7","1","14.3","21","5","23.8","9","4","44.4","17","5","37","42","4","1","7","9"
"Ruiz Lopez, Vicente","7","134:04","9","23","7","30.4","17","4","23.5","7","4","57.1","33","5","8","13","4","0","3","14"
"Ruiz Olavarria, Miguel","3","11:42","2","1","0","0","1","0","0","0","0","0","0","1","1","2","1","0","1","4"
"Ruiz Valle, Jose D.","1","27:10","3","8","2","25","5","1","20","1","0","0","8","4","0","4","1","0","2","3"
"Ruminot Jorquera, Cristhoper","5","139:59","4","21","3","14.3","43","15","34.9","13","11","84.6","50","12","16","28","9","0","7","15"
"Saavedra Mercado, Javier A.","5","62:38","2","21","4","19","4","1","25","0","0","0","14","2","7","9","0","0","2","5"
"Saavedra Morales, Juan I.","3","20:27","0","5","1","20","3","1","33.3","5","4","80","9","1","4","5","5","0","3","3"
"Saez Rocha, Benjamin","4","80:30","6","6","1","16.7","12","5","41.7","1","0","0","13","2","13","15","7","0","3","7"
"Saez Varela, Marcelo","5","23:53","1","5","0","0","0","0","0","0","0","0","0","0","1","1","1","0","0","0"
"Sahr Mundaca, Nicolas V.","6","80:33","10","3","0","0","23","12","52.2","23","17","73.9","41","1","16","17","6","0","3","17"
"Salas Moreno, Andres J.","5","131:10","14","0","0","0","44","16","36.4","12","7","58.3","39","8","23","31","7","1","10","9"
"Salazar Espinoza, Adolfo","1","9:55","1","1","0","0","0","0","0","0","0","0","0","1","0","1","1","0","0","0"
"Salcedo Salcedo, Deiker","7","144:25","9","24","5","20.8","42","16","38.1","23","16","69.6","63","3","24","27","18","2","28","12"
"Salcedo Sanchez, Cesar","4","85:17","9","20","7","35","27","17","63","7","3","42.9","58","4","6","10","5","0","5","10"
"Salinas San Cristobal, Vicente","6","105:27","7","25","7","28","16","3","18.8","4","2","50","29","2","9","11","4","0","15","10"
"Salvo Quezada, Martin T.","4","50:51","5","5","1","20","1","0","0","2","1","50","4","2","8","10","1","0","2","2"
"Sanchez Arroyo, Matias","5","97:44","13","2","0","0","22","9","40.9","11","5","45.5","23","13","30","43","4","0","6","9"
"Sanchez Orrego, Fabian","3","62:28","10","13","1","7.7","12","3","25","2","0","0","9","4","5","9","4","0","1","1"
"Sandoval Delgado, Misael","2","21:06","1","1","1","100","6","0","0","0","0","0","3","0","1","1","0","0","1","5"
"Sanhueza Esparza, Mauro","6","151:29","14","9","1","11.1","25","12","48","12","4","33.3","31","6","25","31","14","2","9","18"
"Sanhueza Lagazzi, Juan P.","6","113:47","5","4","1","25","39","20","51.3","19","15","78.9","58","4","11","15","11","1","10","7"
"San Juan Alvarez, Raul","6","62:36","11","0","0","0","22","11","50","14","2","14.3","24","14","12","26","9","0","2","14"
"San Martin Ampuero, Francisco","3","45:10","4","3","0","0","11","4","36.4","0","0","0","8","2","5","7","5","0","4","2"
"San Martin Pozo, Rafael","7","202:47","20","39","7","17.9","39","11","28.2","12","6","50","49","6","18","24","19","1","10","58"
"Santana Remolcois, Yonatan","1","6:15","0","1","0","0","0","0","0","0","0","0","0","1","0","1","0","0","2","1"
"Schulten Solimano, Otto H.","5","69:34","5","1","1","100","20","12","60","11","3","27.3","30","6","10","16","6","1","3","6"
"Schulz Morend, Cristobal","6","74:31","4","19","7","36.8","10","4","40","12","5","41.7","34","1","15","16","3","2","3","12"
"Schulz Morend, Vicente H.","6","143:59","19","24","2","8.3","60","33","55","27","17","63","89","13","32","45","14","2","10","16"
"Sepulveda Antequera, Gonzalo D.","4","25:28","3","0","0","0","6","2","33.3","0","0","0","4","3","5","8","1","0","1","1"
"Sepulveda Cartagena, Luis I.","3","37:14","4","5","0","0","6","2","33.3","2","2","100","6","0","1","1","0","0","5","1"
"Sepulveda Lopez, Rodrigo A.","7","217:45","16","37","13","35.1","40","15","37.5","22","11","50","80","6","32","38","5","0","12","13"
"Sepulveda Sanhueza, Alejandro","5","80:48","14","1","0","0","20","14","70","2","0","0","28","14","17","31","6","1","5","5"
"Silva Caceres, Felipe","7","122:18","11","41","11","26.8","8","2","25","0","0","0","37","2","7","9","3","1","3","11"
"Silva Flores, Vicente","7","121:51","12","14","6","42.9","10","7","70","4","2","50","34","3","17","20","5","0","9","8"
"Silva Varas, Pedro D.","6","96:57","10","27","7","25.9","9","3","33.3","2","2","100","29","1","18","19","6","0","14","8"
"Simi Roman, Luca V.","3","19:03","3","1","0","0","11","3","27.3","0","0","0","6","2","2","4","1","0","0","2"
"Soto Careaga, Benjamin A.","6","98:41","3","18","3","16.7","15","9","60","3","2","66.7","29","10","20","30","1","1","2","4"
"Soto castillo, Steve A.","6","161:52","13","46","15","32.6","26","12","46.2","24","17","70.8","86","4","24","28","5","1","13","26"
"Soto Contreras, Gabriel A.","4","127:29","3","30","12","40","26","20","76.9","11","8","72.7","84","5","22","27","13","1","9","7"
"Soto Gallegos, Lorenzo","5","70:56","7","12","3","25","26","19","73.1","12","8","66.7","55","11","7","18","7","2","2","4"
"Soto Herrera, Sebastian","3","28:48","1","2","0","0","5","3","60","0","0","0","6","1","3","4","2","0","0","0"
"Soto Huerta, Martin A.","6","165:43","15","24","5","20.8","50","16","32","10","5","50","52","13","19","32","16","1","10","23"
"Soto Nunez, Miguel","7","38:35","1","4","0","0","4","0","0","0","0","0","0","5","4","9","1","0","3","3"
"Soto Pena, Jesus A.","4","68:47","6","8","3","37.5","27","14","51.9","15","10","66.7","47","7","3","10","2","1","1","6"
"Soto Soto, Miguel","5","88:28","18","8","1","12.5","31","14","45.2","4","2","50","33","6","10","16","3","2","1","9"
"Spoerer Mandiola, Tomas","5","78:43","6","25","9","36","14","2","14.3","4","4","100","35","4","8","12","6","1","1","4"
"Stolzenbach Ellwanger, Nicolas","3","25:25","1","2","0","0","5","3","60","0","0","0","6","2","8","10","0","0","0","1"
"Suazo Madariaga, Pablo","2","73:28","6","12","4","33.3","20","9","45","30","20","66.7","50","4","12","16","5","0","3","5"
"Tapia Gesell, Vicente I.","6","209:47","8","40","13","32.5","37","18","48.6","16","12","75","87","18","23","41","8","4","17","11"
"Tempo, Lisandro","5","35:56","7","6","0","0","8","2","25","2","0","0","4","3","6","9","0","0","1","3"
"Thuring Gonzalez, Samuel","6","87:54","11","4","1","25","23","11","47.8","10","7","70","32","11","9","20","7","1","8","8"
"Toledo Gonzalez, Jose","6","198:15","18","23","6","26.1","58","33","56.9","38","31","81.6","115","17","62","79","6","4","25","18"
"Toloza Aguilar, Vicente J.","6","177:25","19","16","4","25","51","25","49","12","8","66.7","70","10","35","45","7","1","16","19"
"Toro Flores, Gonzalo","1","2:51","0","0","0","0","1","0","0","0","0","0","0","0","1","1","0","0","1","0"
"Toro Flores, Javier","2","5:27","0","0","0","0","1","0","0","0","0","0","0","1","1","2","0","0","1","2"
"Toro Urra, Pablo A.","6","111:13","7","48","11","22.9","23","13","56.5","6","2","33.3","61","7","8","15","13","0","9","7"
"Torres Pavez, Carlos","4","44:08","4","2","1","50","2","1","50","2","2","100","7","0","11","11","4","0","5","9"
"Torres Quidel, Diego T.","4","91:02","17","0","0","0","10","1","10","8","5","62.5","7","13","15","28","0","1","6","10"
"Torres Rios, Jesus","4","34:40","0","11","2","18.2","12","8","66.7","2","1","50","23","2","2","4","5","0","4","5"
"Torres San Martin, Juan P.","3","60:55","9","6","1","16.7","18","10","55.6","3","1","33.3","24","3","3","6","2","0","2","14"
"Traverso Iglesias, Nicolas","6","224:05","19","10","1","10","58","28","48.3","4","0","0","59","11","36","47","8","6","17","22"
"Ugaz Contreras, Juan P.","7","113:37","20","11","3","27.3","15","6","40","8","3","37.5","24","1","22","23","4","1","15","10"
"Ulloa Guzman, Pablo","4","67:28","9","9","3","33.3","13","3","23.1","5","3","60","18","7","14","21","7","1","10","8"
"Unda Dumenez, Diego","1","10:31","1","0","0","0","2","1","50","0","0","0","2","0","2","2","0","0","0","0"
"Unda Soza, Benjamin","7","154:56","16","27","9","33.3","33","20","60.6","23","14","60.9","81","11","31","42","4","5","3","10"
"Unda Soza, Nicolas","1","13:55","1","2","0","0","4","1","25","0","0","0","2","3","3","6","1","0","1","1"
"Urrutia Cordoba, Sixto","2","19:03","1","4","1","25","3","0","0","0","0","0","3","0","3","3","1","1","1","4"
"Urrutia Solis, Agustin A.","2","20:28","0","4","0","0","7","3","42.9","0","0","0","6","2","2","4","4","0","3","2"
"Urtubia Baeza, Juan P.","4","14:45","4","3","0","0","4","0","0","0","0","0","0","2","4","6","1","1","2","4"
"Valdebenito Maldonado, Lucas","6","155:42","14","19","4","21.1","46","21","45.7","19","13","68.4","67","10","24","34","8","0","14","16"
"Valdes Fuentes, Fabian","3","56:40","4","1","0","0","20","9","45","0","0","0","18","10","8","18","2","0","2","2"
"Valdes Olivos, Agustin","4","66:17","3","19","10","52.6","13","7","53.8","0","0","0","44","1","5","6","6","1","7","5"
"Valdes Ortiz, Sergio","4","36:01","4","5","0","0","8","4","50","1","1","100","9","3","2","5","2","0","0","1"
"Valdes Reveco, Pablo","2","52:31","3","9","1","11.1","25","9","36","4","3","75","24","3","8","11","6","1","5","10"
"Valenzuela Martinez, Esteban","2","19:36","0","1","1","100","1","0","0","0","0","0","3","1","2","3","0","0","0","5"
"Valenzuela Pacheco, Felipe","1","5:25","0","0","0","0","1","0","0","0","0","0","0","0","0","0","0","0","1","1"
"Vallejos Carrasco, Emilio","6","92:26","8","2","0","0","7","1","14.3","0","0","0","2","8","5","13","3","0","7","19"
"Vallejos Munoz, Joaquin","2","12:25","1","1","0","0","6","2","33.3","0","0","0","4","1","1","2","0","0","1","3"
"Vallejos Trivino, Joaquin A.","3","22:28","5","0","0","0","6","0","0","4","3","75","3","0","2","2","0","0","0","2"
"Vallejos Vallejos, Felipe I.","1","2:42","1","1","0","0","0","0","0","0","0","0","0","0","0","0","0","0","0","0"
"Varela Cardenas, Guillermo","1","7:07","0","0","0","0","0","0","0","0","0","0","0","0","2","2","0","0","0","0"
"Vargas Caballero, Nicolas A.","4","126:45","10","24","11","45.8","36","23","63.9","7","3","42.9","82","5","26","31","8","3","13","9"
"Vargas Riquelme, Rodrigo A.","7","156:24","20","27","4","14.8","18","5","27.8","3","1","33.3","23","6","20","26","12","0","10","13"
"Varo Gutierrez, Nicolas","2","21:55","2","2","1","50","9","7","77.8","0","0","0","17","1","2","3","3","0","4","4"
"Vasquez Navarrete, Emanuel","6","118:13","13","26","7","26.9","11","5","45.5","2","1","50","32","2","10","12","8","0","13","9"
"Vega Cabeza, Ignacio","2","7:13","0","2","0","0","1","1","100","0","0","0","2","0","0","0","0","0","1","2"
"Vega Silva, Cristobal","5","95:17","10","4","1","25","14","4","28.6","18","9","50","20","8","10","18","9","0","4","12"
"Vega Soto, Ernesto","1","8:49","0","0","0","0","1","0","0","0","0","0","0","0","0","0","0","0","2","1"
"Velasquez Meza, Diego B.","6","125:46","8","15","3","20","13","3","23.1","4","1","25","16","6","11","17","9","0","13","18"
"Velasquez Uribe, Leandro M.","7","61:18","12","1","0","0","17","5","29.4","8","2","25","12","6","23","29","0","0","2","12"
"Vera Klein, Joaquin A.","5","141:51","26","26","6","23.1","37","18","48.6","17","13","76.5","67","4","28","32","13","0","16","24"
"Vergara Espinoza, Ricardo A.","1","22:21","1","5","2","40","6","4","66.7","1","0","0","14","0","3","3","1","0","1","0"
"Vergara Lopez, Gonzalo","7","209:10","15","32","9","28.1","50","14","28","9","4","44.4","59","4","29","33","9","1","35","20"
"Vergara Martinez, Vicente T.","7","166:26","19","0","0","0","43","14","32.6","35","16","45.7","44","14","39","53","12","1","17","20"
"Vial Mascareno, Sebastian","6","208:23","11","56","19","33.9","32","17","53.1","25","19","76","110","5","26","31","11","1","22","17"
"Vicencio Burgos, Jose L.","4","72:37","6","14","0","0","36","18","50","14","6","42.9","42","6","9","15","5","1","5","3"
"Vidal Fernandez, Fernando G.","7","87:37","12","7","1","14.3","25","18","72","10","6","60","45","2","8","10","9","1","8","6"
"Vidal Troncoso, Rodrigo","1","7:00","1","1","0","0","0","0","0","0","0","0","0","0","2","2","1","0","1","0"
"Vildosola Uren, Vicente","3","104:45","8","0","0","0","34","21","61.8","7","5","71.4","47","10","20","30","6","7","4","5"
"Villablanca Vejares, Cristobal","2","8:22","1","0","0","0","0","0","0","0","0","0","0","0","2","2","0","0","0","0"
"Villarroel Tapia, Sebastian I.","6","157:39","20","23","3","13","41","17","41.5","14","8","57.1","51","8","34","42","6","3","8","12"
"Villegas Acaino, Daniel","7","99:50","17","30","11","36.7","9","5","55.6","0","0","0","43","6","14","20","10","2","6","9"
"Villegas Quila, Cristian A.","6","148:32","12","22","3","13.6","48","16","33.3","18","12","66.7","53","8","10","18","14","3","7","16"
"Vives Carcamo, Alvaro","2","35:34","3","1","0","0","10","2","20","4","3","75","7","1","6","7","2","0","4","1"
"Wong Tapia, Iann","7","177:46","22","9","2","22.2","55","23","41.8","27","10","37","62","3","27","30","9","1","11","19"
"Zamorano Barrientos, Luis","1","13:52","1","3","0","0","2","0","0","0","0","0","0","1","1","2","1","0","1","1"
"Zanon Reyes, Sebastian","7","115:04","6","15","0","0","20","8","40","10","5","50","21","8","12","20","9","0","2","4"
"Zapata Munoz, Bastian","6","190:10","4","6","0","0","65","38","58.5","22","14","63.6","90","31","40","71","7","14","4","12"
"Zapata Ramirez, Santiago J.","2","33:53","4","8","1","12.5","7","3","42.9","0","0","0","9","4","7","11","3","1","5","3"
"Zapata Ramirez, Sebastian D.","1","23:08","3","3","1","33.3","7","3","42.9","0","0","0","9","2","3","5","1","0","1","0"