"pbp-action","pbp-logo src","pbp-action 2","pbp-time","pbp-period"
"COMIENZA EL PARTIDO","","","",""
"INICIO PERIODO","","","",""
"INICIO PERIODO","","","",""
", Salto ganado","https://se-img.dcd-production.i.geniussports.com/2486f00667ff3afc356daad5104c02e2T1.png","14, Alfredo Alvarez Flanega","09:59:00","P1"
", Salto perdido","https://se-img.dcd-production.i.geniussports.com/c3e538b0395f1fdcfcbdef24c556c602T1.jpg","14, Pablo F. Fierro Velasquez","09:59:00","P1"
", 2PT bandeja","https://se-img.dcd-production.i.geniussports.com/2486f00667ff3afc356daad5104c02e2T1.png","15, Daniel Morales Gonzalez","09:48:00","P1"
", Tapón","https://se-img.dcd-production.i.geniussports.com/c3e538b0395f1fdcfcbdef24c556c602T1.jpg","23, David I. Gonzalez Lazcano","09:48:00","P1"
", Rebote defensivo","https://se-img.dcd-production.i.geniussports.com/c3e538b0395f1fdcfcbdef24c556c602T1.jpg","23, David I. Gonzalez Lazcano","09:40:00","P1"
", 3PT","https://se-img.dcd-production.i.geniussports.com/c3e538b0395f1fdcfcbdef24c556c602T1.jpg","10, Damian A. Espinoza Salinas","09:29:00","P1"
", Rebote defensivo","https://se-img.dcd-production.i.geniussports.com/2486f00667ff3afc356daad5104c02e2T1.png","14, Alfredo Alvarez Flanega","09:25:00","P1"
", 2PT bandeja","https://se-img.dcd-production.i.geniussports.com/2486f00667ff3afc356daad5104c02e2T1.png","14, Alfredo Alvarez Flanega","09:20:00","P1"
", Rebote defensivo","https://se-img.dcd-production.i.geniussports.com/c3e538b0395f1fdcfcbdef24c556c602T1.jpg","9, Felipe Cordero Zurita","09:16:00","P1"
", Pérdida por mal pase","https://se-img.dcd-production.i.geniussports.com/c3e538b0395f1fdcfcbdef24c556c602T1.jpg","9, Felipe Cordero Zurita","09:08:00","P1"
", Recuperación","https://se-img.dcd-production.i.geniussports.com/2486f00667ff3afc356daad5104c02e2T1.png","15, Daniel Morales Gonzalez","09:08:00","P1"
", 2PT bandeja  convertido","https://se-img.dcd-production.i.geniussports.com/2486f00667ff3afc356daad5104c02e2T1.png","15, Daniel Morales Gonzalez","09:03:00","P1"
", 3PT","https://se-img.dcd-production.i.geniussports.com/c3e538b0395f1fdcfcbdef24c556c602T1.jpg","23, David I. Gonzalez Lazcano","08:44:00","P1"
"Rebote defensivo","https://se-img.dcd-production.i.geniussports.com/2486f00667ff3afc356daad5104c02e2T1.png","","08:43:00","P1"
", 3PT","https://se-img.dcd-production.i.geniussports.com/2486f00667ff3afc356daad5104c02e2T1.png","9, Lian Castro Castillo","08:31:00","P1"
", Rebote ofensivo","https://se-img.dcd-production.i.geniussports.com/2486f00667ff3afc356daad5104c02e2T1.png","13, Maximiliano Rojas Salinas","08:27:00","P1"
", 2PT bandeja","https://se-img.dcd-production.i.geniussports.com/2486f00667ff3afc356daad5104c02e2T1.png","9, Lian Castro Castillo","08:26:00","P1"
", Rebote defensivo","https://se-img.dcd-production.i.geniussports.com/c3e538b0395f1fdcfcbdef24c556c602T1.jpg","23, David I. Gonzalez Lazcano","08:22:00","P1"
", 2PT bandeja  convertido","https://se-img.dcd-production.i.geniussports.com/c3e538b0395f1fdcfcbdef24c556c602T1.jpg","23, David I. Gonzalez Lazcano","08:12:00","P1"
", 2PT bandeja  convertido","https://se-img.dcd-production.i.geniussports.com/2486f00667ff3afc356daad5104c02e2T1.png","14, Alfredo Alvarez Flanega","07:55:00","P1"
", 3PT","https://se-img.dcd-production.i.geniussports.com/c3e538b0395f1fdcfcbdef24c556c602T1.jpg","14, Pablo F. Fierro Velasquez","07:30:00","P1"
", Rebote defensivo","https://se-img.dcd-production.i.geniussports.com/2486f00667ff3afc356daad5104c02e2T1.png","11, Gonzalo Rojo Arqueros","07:22:00","P1"
", 2PT bandeja","https://se-img.dcd-production.i.geniussports.com/2486f00667ff3afc356daad5104c02e2T1.png","13, Maximiliano Rojas Salinas","07:19:00","P1"
", Rebote defensivo","https://se-img.dcd-production.i.geniussports.com/c3e538b0395f1fdcfcbdef24c556c602T1.jpg","17, Juan J. Garcia Ahumada","07:17:00","P1"
", 2PT bandeja","https://se-img.dcd-production.i.geniussports.com/c3e538b0395f1fdcfcbdef24c556c602T1.jpg","10, Damian A. Espinoza Salinas","07:07:00","P1"
"Rebote ofensivo","https://se-img.dcd-production.i.geniussports.com/c3e538b0395f1fdcfcbdef24c556c602T1.jpg","","07:07:00","P1"
", Falta personal","https://se-img.dcd-production.i.geniussports.com/2486f00667ff3afc356daad5104c02e2T1.png","9, Lian Castro Castillo","07:07:00","P1"
", Falta recibida","https://se-img.dcd-production.i.geniussports.com/c3e538b0395f1fdcfcbdef24c556c602T1.jpg","10, Damian A. Espinoza Salinas","07:07:00","P1"
", Tiro libre 1/2  convertido","https://se-img.dcd-production.i.geniussports.com/c3e538b0395f1fdcfcbdef24c556c602T1.jpg","10, Damian A. Espinoza Salinas","07:07:00","P1"
", Tiro libre 2/2  convertido","https://se-img.dcd-production.i.geniussports.com/c3e538b0395f1fdcfcbdef24c556c602T1.jpg","10, Damian A. Espinoza Salinas","07:07:00","P1"
", 2PT bandeja","https://se-img.dcd-production.i.geniussports.com/2486f00667ff3afc356daad5104c02e2T1.png","14, Alfredo Alvarez Flanega","06:59:00","P1"
", Rebote defensivo","https://se-img.dcd-production.i.geniussports.com/c3e538b0395f1fdcfcbdef24c556c602T1.jpg","23, David I. Gonzalez Lazcano","06:56:00","P1"
", 2PT bandeja","https://se-img.dcd-production.i.geniussports.com/c3e538b0395f1fdcfcbdef24c556c602T1.jpg","23, David I. Gonzalez Lazcano","06:43:00","P1"
", Rebote defensivo","https://se-img.dcd-production.i.geniussports.com/2486f00667ff3afc356daad5104c02e2T1.png","15, Daniel Morales Gonzalez","06:40:00","P1"
", 2PT bandeja  convertido","https://se-img.dcd-production.i.geniussports.com/2486f00667ff3afc356daad5104c02e2T1.png","14, Alfredo Alvarez Flanega","06:37:00","P1"
", Falta personal","https://se-img.dcd-production.i.geniussports.com/2486f00667ff3afc356daad5104c02e2T1.png","13, Maximiliano Rojas Salinas","06:22:00","P1"
", Falta recibida","https://se-img.dcd-production.i.geniussports.com/c3e538b0395f1fdcfcbdef24c556c602T1.jpg","17, Juan J. Garcia Ahumada","06:22:00","P1"
", Tiro libre 1/2","https://se-img.dcd-production.i.geniussports.com/c3e538b0395f1fdcfcbdef24c556c602T1.jpg","17, Juan J. Garcia Ahumada","06:22:00","P1"
", Tiro libre 2/2  convertido","https://se-img.dcd-production.i.geniussports.com/c3e538b0395f1fdcfcbdef24c556c602T1.jpg","17, Juan J. Garcia Ahumada","06:22:00","P1"
", Pérdida por pasos","https://se-img.dcd-production.i.geniussports.com/2486f00667ff3afc356daad5104c02e2T1.png","9, Lian Castro Castillo","06:11:00","P1"
", Falta personal","https://se-img.dcd-production.i.geniussports.com/2486f00667ff3afc356daad5104c02e2T1.png","13, Maximiliano Rojas Salinas","06:04:00","P1"
", Falta recibida","https://se-img.dcd-production.i.geniussports.com/c3e538b0395f1fdcfcbdef24c556c602T1.jpg","9, Felipe Cordero Zurita","06:04:00","P1"
"Pérdida por 5 segundos","https://se-img.dcd-production.i.geniussports.com/c3e538b0395f1fdcfcbdef24c556c602T1.jpg","","05:57:00","P1"
", Se retira","https://se-img.dcd-production.i.geniussports.com/2486f00667ff3afc356daad5104c02e2T1.png","13, Maximiliano Rojas Salinas","05:57:00","P1"
", Entra a pista","https://se-img.dcd-production.i.geniussports.com/2486f00667ff3afc356daad5104c02e2T1.png","10, Carlos Gallegos Moya","05:57:00","P1"
", Se retira","https://se-img.dcd-production.i.geniussports.com/c3e538b0395f1fdcfcbdef24c556c602T1.jpg","17, Juan J. Garcia Ahumada","05:57:00","P1"
", Entra a pista","https://se-img.dcd-production.i.geniussports.com/c3e538b0395f1fdcfcbdef24c556c602T1.jpg","13, Miguel Estay Romero","05:57:00","P1"
", 3PT","https://se-img.dcd-production.i.geniussports.com/2486f00667ff3afc356daad5104c02e2T1.png","9, Lian Castro Castillo","05:45:00","P1"
", Rebote defensivo","https://se-img.dcd-production.i.geniussports.com/c3e538b0395f1fdcfcbdef24c556c602T1.jpg","10, Damian A. Espinoza Salinas","05:39:00","P1"
", 2PT bandeja","https://se-img.dcd-production.i.geniussports.com/c3e538b0395f1fdcfcbdef24c556c602T1.jpg","23, David I. Gonzalez Lazcano","05:38:00","P1"
"Rebote defensivo","https://se-img.dcd-production.i.geniussports.com/2486f00667ff3afc356daad5104c02e2T1.png","","05:35:00","P1"
", 2PT bandeja","https://se-img.dcd-production.i.geniussports.com/2486f00667ff3afc356daad5104c02e2T1.png","14, Alfredo Alvarez Flanega","05:30:00","P1"
", Rebote defensivo","https://se-img.dcd-production.i.geniussports.com/c3e538b0395f1fdcfcbdef24c556c602T1.jpg","14, Pablo F. Fierro Velasquez","05:27:00","P1"
", 2PT bandeja  convertido","https://se-img.dcd-production.i.geniussports.com/c3e538b0395f1fdcfcbdef24c556c602T1.jpg","23, David I. Gonzalez Lazcano","05:24:00","P1"
", Asistencia","https://se-img.dcd-production.i.geniussports.com/c3e538b0395f1fdcfcbdef24c556c602T1.jpg","14, Pablo F. Fierro Velasquez","05:24:00","P1"
", 2PT bandeja","https://se-img.dcd-production.i.geniussports.com/2486f00667ff3afc356daad5104c02e2T1.png","15, Daniel Morales Gonzalez","05:16:00","P1"
", Rebote defensivo","https://se-img.dcd-production.i.geniussports.com/c3e538b0395f1fdcfcbdef24c556c602T1.jpg","14, Pablo F. Fierro Velasquez","05:13:00","P1"
", Falta personal","https://se-img.dcd-production.i.geniussports.com/2486f00667ff3afc356daad5104c02e2T1.png","10, Carlos Gallegos Moya","05:02:00","P1"
", Falta recibida","https://se-img.dcd-production.i.geniussports.com/c3e538b0395f1fdcfcbdef24c556c602T1.jpg","13, Miguel Estay Romero","05:02:00","P1"
", Tiro libre 1/2  convertido","https://se-img.dcd-production.i.geniussports.com/c3e538b0395f1fdcfcbdef24c556c602T1.jpg","13, Miguel Estay Romero","05:02:00","P1"
", Tiro libre 2/2  convertido","https://se-img.dcd-production.i.geniussports.com/c3e538b0395f1fdcfcbdef24c556c602T1.jpg","13, Miguel Estay Romero","05:02:00","P1"
", 2PT bandeja  convertido","https://se-img.dcd-production.i.geniussports.com/2486f00667ff3afc356daad5104c02e2T1.png","14, Alfredo Alvarez Flanega","04:42:00","P1"
", 2PT tiro","https://se-img.dcd-production.i.geniussports.com/c3e538b0395f1fdcfcbdef24c556c602T1.jpg","13, Miguel Estay Romero","04:24:00","P1"
", Rebote defensivo","https://se-img.dcd-production.i.geniussports.com/2486f00667ff3afc356daad5104c02e2T1.png","9, Lian Castro Castillo","04:19:00","P1"
", 2PT bandeja  convertido","https://se-img.dcd-production.i.geniussports.com/2486f00667ff3afc356daad5104c02e2T1.png","9, Lian Castro Castillo","04:17:00","P1"
", 3PT","https://se-img.dcd-production.i.geniussports.com/c3e538b0395f1fdcfcbdef24c556c602T1.jpg","9, Felipe Cordero Zurita","04:03:00","P1"
", Rebote ofensivo","https://se-img.dcd-production.i.geniussports.com/c3e538b0395f1fdcfcbdef24c556c602T1.jpg","23, David I. Gonzalez Lazcano","03:58:00","P1"
", 2PT bandeja  convertido","https://se-img.dcd-production.i.geniussports.com/c3e538b0395f1fdcfcbdef24c556c602T1.jpg","14, Pablo F. Fierro Velasquez","03:51:00","P1"
", 3PT","https://se-img.dcd-production.i.geniussports.com/2486f00667ff3afc356daad5104c02e2T1.png","9, Lian Castro Castillo","03:38:00","P1"
", Rebote ofensivo","https://se-img.dcd-production.i.geniussports.com/2486f00667ff3afc356daad5104c02e2T1.png","11, Gonzalo Rojo Arqueros","03:33:00","P1"
", Falta en ataque","https://se-img.dcd-production.i.geniussports.com/2486f00667ff3afc356daad5104c02e2T1.png","9, Lian Castro Castillo","03:32:00","P1"
", Pérdida por falta en ataque","https://se-img.dcd-production.i.geniussports.com/2486f00667ff3afc356daad5104c02e2T1.png","9, Lian Castro Castillo","03:32:00","P1"
", Falta recibida","https://se-img.dcd-production.i.geniussports.com/c3e538b0395f1fdcfcbdef24c556c602T1.jpg","9, Felipe Cordero Zurita","03:32:00","P1"
", Se retira","https://se-img.dcd-production.i.geniussports.com/c3e538b0395f1fdcfcbdef24c556c602T1.jpg","9, Felipe Cordero Zurita","03:32:00","P1"
", Se retira","https://se-img.dcd-production.i.geniussports.com/c3e538b0395f1fdcfcbdef24c556c602T1.jpg","23, David I. Gonzalez Lazcano","03:32:00","P1"
", Entra a pista","https://se-img.dcd-production.i.geniussports.com/c3e538b0395f1fdcfcbdef24c556c602T1.jpg","7, Roman Bahamondes Diaz","03:32:00","P1"
", Entra a pista","https://se-img.dcd-production.i.geniussports.com/c3e538b0395f1fdcfcbdef24c556c602T1.jpg","8, Gasphar Caneo Salinas","03:32:00","P1"
", Pérdida por mal pase","https://se-img.dcd-production.i.geniussports.com/c3e538b0395f1fdcfcbdef24c556c602T1.jpg","10, Damian A. Espinoza Salinas","03:24:00","P1"
", Recuperación","https://se-img.dcd-production.i.geniussports.com/2486f00667ff3afc356daad5104c02e2T1.png","14, Alfredo Alvarez Flanega","03:24:00","P1"
", 2PT bandeja  convertido","https://se-img.dcd-production.i.geniussports.com/2486f00667ff3afc356daad5104c02e2T1.png","14, Alfredo Alvarez Flanega","03:19:00","P1"
", 3PT","https://se-img.dcd-production.i.geniussports.com/c3e538b0395f1fdcfcbdef24c556c602T1.jpg","8, Gasphar Caneo Salinas","03:05:00","P1"
", Rebote ofensivo","https://se-img.dcd-production.i.geniussports.com/c3e538b0395f1fdcfcbdef24c556c602T1.jpg","7, Roman Bahamondes Diaz","03:02:00","P1"
", 2PT bandeja","https://se-img.dcd-production.i.geniussports.com/c3e538b0395f1fdcfcbdef24c556c602T1.jpg","8, Gasphar Caneo Salinas","03:01:00","P1"
", Rebote defensivo","https://se-img.dcd-production.i.geniussports.com/2486f00667ff3afc356daad5104c02e2T1.png","15, Daniel Morales Gonzalez","02:58:00","P1"
", 2PT bandeja","https://se-img.dcd-production.i.geniussports.com/2486f00667ff3afc356daad5104c02e2T1.png","10, Carlos Gallegos Moya","02:53:00","P1"
", Tapón","https://se-img.dcd-production.i.geniussports.com/c3e538b0395f1fdcfcbdef24c556c602T1.jpg","13, Miguel Estay Romero","02:53:00","P1"
", Rebote ofensivo","https://se-img.dcd-production.i.geniussports.com/2486f00667ff3afc356daad5104c02e2T1.png","10, Carlos Gallegos Moya","02:48:00","P1"
", 2PT tiro","https://se-img.dcd-production.i.geniussports.com/2486f00667ff3afc356daad5104c02e2T1.png","14, Alfredo Alvarez Flanega","02:46:00","P1"
", Rebote ofensivo","https://se-img.dcd-production.i.geniussports.com/2486f00667ff3afc356daad5104c02e2T1.png","14, Alfredo Alvarez Flanega","02:43:00","P1"
", 2PT tiro","https://se-img.dcd-production.i.geniussports.com/2486f00667ff3afc356daad5104c02e2T1.png","9, Lian Castro Castillo","02:41:00","P1"
", Rebote ofensivo","https://se-img.dcd-production.i.geniussports.com/2486f00667ff3afc356daad5104c02e2T1.png","14, Alfredo Alvarez Flanega","02:39:00","P1"
", 2PT bandeja","https://se-img.dcd-production.i.geniussports.com/2486f00667ff3afc356daad5104c02e2T1.png","14, Alfredo Alvarez Flanega","02:37:00","P1"
", Rebote ofensivo","https://se-img.dcd-production.i.geniussports.com/2486f00667ff3afc356daad5104c02e2T1.png","15, Daniel Morales Gonzalez","02:34:00","P1"
", 2PT bandeja  convertido","https://se-img.dcd-production.i.geniussports.com/2486f00667ff3afc356daad5104c02e2T1.png","15, Daniel Morales Gonzalez","02:33:00","P1"
", Pérdida en el manejo del balón","https://se-img.dcd-production.i.geniussports.com/c3e538b0395f1fdcfcbdef24c556c602T1.jpg","10, Damian A. Espinoza Salinas","02:23:00","P1"
", Recuperación","https://se-img.dcd-production.i.geniussports.com/2486f00667ff3afc356daad5104c02e2T1.png","11, Gonzalo Rojo Arqueros","02:23:00","P1"
", Pérdida en el manejo del balón","https://se-img.dcd-production.i.geniussports.com/2486f00667ff3afc356daad5104c02e2T1.png","9, Lian Castro Castillo","02:12:00","P1"
", Recuperación","https://se-img.dcd-production.i.geniussports.com/c3e538b0395f1fdcfcbdef24c556c602T1.jpg","14, Pablo F. Fierro Velasquez","02:12:00","P1"
"TIEMPO MUERTO","https://se-img.dcd-production.i.geniussports.com/c3e538b0395f1fdcfcbdef24c556c602T1.jpg","","02:08:00","P1"
", Se retira","https://se-img.dcd-production.i.geniussports.com/c3e538b0395f1fdcfcbdef24c556c602T1.jpg","14, Pablo F. Fierro Velasquez","02:08:00","P1"
", Entra a pista","https://se-img.dcd-production.i.geniussports.com/c3e538b0395f1fdcfcbdef24c556c602T1.jpg","21, Ruben A. Godoy Santana","02:08:00","P1"
", Se retira","https://se-img.dcd-production.i.geniussports.com/2486f00667ff3afc356daad5104c02e2T1.png","14, Alfredo Alvarez Flanega","01:50:00","P1"
", Entra a pista","https://se-img.dcd-production.i.geniussports.com/2486f00667ff3afc356daad5104c02e2T1.png","7, Nicolas Ortiz de Zarate","01:50:00","P1"
", 2PT tiro","https://se-img.dcd-production.i.geniussports.com/c3e538b0395f1fdcfcbdef24c556c602T1.jpg","21, Ruben A. Godoy Santana","01:44:00","P1"
", Rebote defensivo","https://se-img.dcd-production.i.geniussports.com/2486f00667ff3afc356daad5104c02e2T1.png","7, Nicolas Ortiz de Zarate","01:40:00","P1"
", 2PT bandeja","https://se-img.dcd-production.i.geniussports.com/2486f00667ff3afc356daad5104c02e2T1.png","7, Nicolas Ortiz de Zarate","01:40:00","P1"
", Rebote defensivo","https://se-img.dcd-production.i.geniussports.com/c3e538b0395f1fdcfcbdef24c556c602T1.jpg","21, Ruben A. Godoy Santana","01:36:00","P1"
", Pérdida por mal pase","https://se-img.dcd-production.i.geniussports.com/c3e538b0395f1fdcfcbdef24c556c602T1.jpg","8, Gasphar Caneo Salinas","01:34:00","P1"
", Recuperación","https://se-img.dcd-production.i.geniussports.com/2486f00667ff3afc356daad5104c02e2T1.png","9, Lian Castro Castillo","01:34:00","P1"
", Falta en ataque","https://se-img.dcd-production.i.geniussports.com/2486f00667ff3afc356daad5104c02e2T1.png","9, Lian Castro Castillo","01:28:00","P1"
", Pérdida por falta en ataque","https://se-img.dcd-production.i.geniussports.com/2486f00667ff3afc356daad5104c02e2T1.png","9, Lian Castro Castillo","01:28:00","P1"
", Falta recibida","https://se-img.dcd-production.i.geniussports.com/c3e538b0395f1fdcfcbdef24c556c602T1.jpg","8, Gasphar Caneo Salinas","01:28:00","P1"
", Se retira","https://se-img.dcd-production.i.geniussports.com/2486f00667ff3afc356daad5104c02e2T1.png","9, Lian Castro Castillo","01:25:00","P1"
", Entra a pista","https://se-img.dcd-production.i.geniussports.com/2486f00667ff3afc356daad5104c02e2T1.png","8, Kurt Peters Diaz","01:25:00","P1"
", 2PT bandeja","https://se-img.dcd-production.i.geniussports.com/c3e538b0395f1fdcfcbdef24c556c602T1.jpg","10, Damian A. Espinoza Salinas","01:12:00","P1"
", Rebote defensivo","https://se-img.dcd-production.i.geniussports.com/2486f00667ff3afc356daad5104c02e2T1.png","8, Kurt Peters Diaz","01:09:00","P1"
", 2PT bandeja  convertido","https://se-img.dcd-production.i.geniussports.com/2486f00667ff3afc356daad5104c02e2T1.png","15, Daniel Morales Gonzalez","00:59:60","P1"
", Falta personal","https://se-img.dcd-production.i.geniussports.com/c3e538b0395f1fdcfcbdef24c556c602T1.jpg","21, Ruben A. Godoy Santana","00:59:60","P1"
", Falta recibida","https://se-img.dcd-production.i.geniussports.com/2486f00667ff3afc356daad5104c02e2T1.png","15, Daniel Morales Gonzalez","00:59:60","P1"
", Se retira","https://se-img.dcd-production.i.geniussports.com/c3e538b0395f1fdcfcbdef24c556c602T1.jpg","10, Damian A. Espinoza Salinas","00:59:60","P1"
", Entra a pista","https://se-img.dcd-production.i.geniussports.com/c3e538b0395f1fdcfcbdef24c556c602T1.jpg","5, Benjamin A. Andrade Contreras","00:59:60","P1"
", Tiro libre 1/1  convertido","https://se-img.dcd-production.i.geniussports.com/2486f00667ff3afc356daad5104c02e2T1.png","15, Daniel Morales Gonzalez","00:59:60","P1"
", Pérdida por mal pase","https://se-img.dcd-production.i.geniussports.com/c3e538b0395f1fdcfcbdef24c556c602T1.jpg","5, Benjamin A. Andrade Contreras","00:49:20","P1"
", Recuperación","https://se-img.dcd-production.i.geniussports.com/2486f00667ff3afc356daad5104c02e2T1.png","11, Gonzalo Rojo Arqueros","00:49:20","P1"
", Pérdida por mal pase","https://se-img.dcd-production.i.geniussports.com/2486f00667ff3afc356daad5104c02e2T1.png","10, Carlos Gallegos Moya","00:41:90","P1"
", Recuperación","https://se-img.dcd-production.i.geniussports.com/c3e538b0395f1fdcfcbdef24c556c602T1.jpg","8, Gasphar Caneo Salinas","00:41:90","P1"
", 2PT bandeja","https://se-img.dcd-production.i.geniussports.com/c3e538b0395f1fdcfcbdef24c556c602T1.jpg","8, Gasphar Caneo Salinas","00:36:30","P1"
", Rebote ofensivo","https://se-img.dcd-production.i.geniussports.com/c3e538b0395f1fdcfcbdef24c556c602T1.jpg","13, Miguel Estay Romero","00:33:50","P1"
", 2PT tiro","https://se-img.dcd-production.i.geniussports.com/c3e538b0395f1fdcfcbdef24c556c602T1.jpg","13, Miguel Estay Romero","00:32:60","P1"
", Rebote ofensivo","https://se-img.dcd-production.i.geniussports.com/c3e538b0395f1fdcfcbdef24c556c602T1.jpg","13, Miguel Estay Romero","00:29:80","P1"
", 2PT bandeja","https://se-img.dcd-production.i.geniussports.com/c3e538b0395f1fdcfcbdef24c556c602T1.jpg","13, Miguel Estay Romero","00:26:70","P1"
", Rebote defensivo","https://se-img.dcd-production.i.geniussports.com/2486f00667ff3afc356daad5104c02e2T1.png","15, Daniel Morales Gonzalez","00:24:00","P1"
", 2PT bandeja","https://se-img.dcd-production.i.geniussports.com/2486f00667ff3afc356daad5104c02e2T1.png","10, Carlos Gallegos Moya","00:07:50","P1"
", Rebote defensivo","https://se-img.dcd-production.i.geniussports.com/c3e538b0395f1fdcfcbdef24c556c602T1.jpg","21, Ruben A. Godoy Santana","00:04:90","P1"
"PERIODO FINALIZADO","","","",""
", Se retira","https://se-img.dcd-production.i.geniussports.com/c3e538b0395f1fdcfcbdef24c556c602T1.jpg","7, Roman Bahamondes Diaz","10:00:00","P2"
", Se retira","https://se-img.dcd-production.i.geniussports.com/c3e538b0395f1fdcfcbdef24c556c602T1.jpg","21, Ruben A. Godoy Santana","10:00:00","P2"
", Entra a pista","https://se-img.dcd-production.i.geniussports.com/c3e538b0395f1fdcfcbdef24c556c602T1.jpg","14, Pablo F. Fierro Velasquez","10:00:00","P2"
", Entra a pista","https://se-img.dcd-production.i.geniussports.com/c3e538b0395f1fdcfcbdef24c556c602T1.jpg","23, David I. Gonzalez Lazcano","10:00:00","P2"
"INICIO PERIODO","","","",""
", 3PT","https://se-img.dcd-production.i.geniussports.com/c3e538b0395f1fdcfcbdef24c556c602T1.jpg","23, David I. Gonzalez Lazcano","09:35:00","P2"
", Rebote defensivo","https://se-img.dcd-production.i.geniussports.com/2486f00667ff3afc356daad5104c02e2T1.png","10, Carlos Gallegos Moya","09:33:00","P2"
", 3PT","https://se-img.dcd-production.i.geniussports.com/2486f00667ff3afc356daad5104c02e2T1.png","11, Gonzalo Rojo Arqueros","09:12:00","P2"
", Rebote defensivo","https://se-img.dcd-production.i.geniussports.com/c3e538b0395f1fdcfcbdef24c556c602T1.jpg","13, Miguel Estay Romero","09:11:00","P2"
", 3PT","https://se-img.dcd-production.i.geniussports.com/c3e538b0395f1fdcfcbdef24c556c602T1.jpg","8, Gasphar Caneo Salinas","08:56:00","P2"
", Rebote defensivo","https://se-img.dcd-production.i.geniussports.com/2486f00667ff3afc356daad5104c02e2T1.png","7, Nicolas Ortiz de Zarate","08:51:00","P2"
", 2PT bandeja","https://se-img.dcd-production.i.geniussports.com/2486f00667ff3afc356daad5104c02e2T1.png","11, Gonzalo Rojo Arqueros","08:35:00","P2"
", Rebote ofensivo","https://se-img.dcd-production.i.geniussports.com/2486f00667ff3afc356daad5104c02e2T1.png","15, Daniel Morales Gonzalez","08:32:00","P2"
", 3PT","https://se-img.dcd-production.i.geniussports.com/2486f00667ff3afc356daad5104c02e2T1.png","8, Kurt Peters Diaz","08:30:00","P2"
", Rebote ofensivo","https://se-img.dcd-production.i.geniussports.com/2486f00667ff3afc356daad5104c02e2T1.png","7, Nicolas Ortiz de Zarate","08:26:00","P2"
", 2PT bandeja  convertido","https://se-img.dcd-production.i.geniussports.com/2486f00667ff3afc356daad5104c02e2T1.png","7, Nicolas Ortiz de Zarate","08:19:00","P2"
", 3PT","https://se-img.dcd-production.i.geniussports.com/c3e538b0395f1fdcfcbdef24c556c602T1.jpg","5, Benjamin A. Andrade Contreras","08:09:00","P2"
", Rebote ofensivo","https://se-img.dcd-production.i.geniussports.com/c3e538b0395f1fdcfcbdef24c556c602T1.jpg","23, David I. Gonzalez Lazcano","08:05:00","P2"
", 2PT bandeja  convertido","https://se-img.dcd-production.i.geniussports.com/c3e538b0395f1fdcfcbdef24c556c602T1.jpg","23, David I. Gonzalez Lazcano","07:57:00","P2"
", Falta personal","https://se-img.dcd-production.i.geniussports.com/c3e538b0395f1fdcfcbdef24c556c602T1.jpg","5, Benjamin A. Andrade Contreras","07:36:00","P2"
", Falta recibida","https://se-img.dcd-production.i.geniussports.com/2486f00667ff3afc356daad5104c02e2T1.png","7, Nicolas Ortiz de Zarate","07:36:00","P2"
", Se retira","https://se-img.dcd-production.i.geniussports.com/c3e538b0395f1fdcfcbdef24c556c602T1.jpg","5, Benjamin A. Andrade Contreras","07:36:00","P2"
", Se retira","https://se-img.dcd-production.i.geniussports.com/c3e538b0395f1fdcfcbdef24c556c602T1.jpg","8, Gasphar Caneo Salinas","07:36:00","P2"
", Se retira","https://se-img.dcd-production.i.geniussports.com/c3e538b0395f1fdcfcbdef24c556c602T1.jpg","13, Miguel Estay Romero","07:36:00","P2"
", Entra a pista","https://se-img.dcd-production.i.geniussports.com/c3e538b0395f1fdcfcbdef24c556c602T1.jpg","9, Felipe Cordero Zurita","07:36:00","P2"
", Entra a pista","https://se-img.dcd-production.i.geniussports.com/c3e538b0395f1fdcfcbdef24c556c602T1.jpg","10, Damian A. Espinoza Salinas","07:36:00","P2"
", Entra a pista","https://se-img.dcd-production.i.geniussports.com/c3e538b0395f1fdcfcbdef24c556c602T1.jpg","17, Juan J. Garcia Ahumada","07:36:00","P2"
", Tiro libre 1/2  convertido","https://se-img.dcd-production.i.geniussports.com/2486f00667ff3afc356daad5104c02e2T1.png","7, Nicolas Ortiz de Zarate","07:36:00","P2"
", Tiro libre 2/2  convertido","https://se-img.dcd-production.i.geniussports.com/2486f00667ff3afc356daad5104c02e2T1.png","7, Nicolas Ortiz de Zarate","07:36:00","P2"
", 2PT tiro  convertido","https://se-img.dcd-production.i.geniussports.com/c3e538b0395f1fdcfcbdef24c556c602T1.jpg","17, Juan J. Garcia Ahumada","07:22:00","P2"
", Asistencia","https://se-img.dcd-production.i.geniussports.com/c3e538b0395f1fdcfcbdef24c556c602T1.jpg","10, Damian A. Espinoza Salinas","07:22:00","P2"
", 2PT bandeja","https://se-img.dcd-production.i.geniussports.com/2486f00667ff3afc356daad5104c02e2T1.png","15, Daniel Morales Gonzalez","07:05:00","P2"
", Rebote ofensivo","https://se-img.dcd-production.i.geniussports.com/2486f00667ff3afc356daad5104c02e2T1.png","11, Gonzalo Rojo Arqueros","07:03:00","P2"
", 2PT tiro","https://se-img.dcd-production.i.geniussports.com/2486f00667ff3afc356daad5104c02e2T1.png","7, Nicolas Ortiz de Zarate","07:02:00","P2"
", Rebote defensivo","https://se-img.dcd-production.i.geniussports.com/c3e538b0395f1fdcfcbdef24c556c602T1.jpg","17, Juan J. Garcia Ahumada","06:57:00","P2"
", 2PT tiro","https://se-img.dcd-production.i.geniussports.com/c3e538b0395f1fdcfcbdef24c556c602T1.jpg","14, Pablo F. Fierro Velasquez","06:41:00","P2"
", Rebote defensivo","https://se-img.dcd-production.i.geniussports.com/2486f00667ff3afc356daad5104c02e2T1.png","8, Kurt Peters Diaz","06:36:00","P2"
", 2PT bandeja","https://se-img.dcd-production.i.geniussports.com/2486f00667ff3afc356daad5104c02e2T1.png","7, Nicolas Ortiz de Zarate","06:34:00","P2"
", Rebote ofensivo","https://se-img.dcd-production.i.geniussports.com/2486f00667ff3afc356daad5104c02e2T1.png","8, Kurt Peters Diaz","06:31:00","P2"
", 2PT tiro","https://se-img.dcd-production.i.geniussports.com/2486f00667ff3afc356daad5104c02e2T1.png","11, Gonzalo Rojo Arqueros","06:22:00","P2"
"Rebote ofensivo","https://se-img.dcd-production.i.geniussports.com/2486f00667ff3afc356daad5104c02e2T1.png","","06:19:00","P2"
", Se retira","https://se-img.dcd-production.i.geniussports.com/2486f00667ff3afc356daad5104c02e2T1.png","11, Gonzalo Rojo Arqueros","06:19:00","P2"
", Entra a pista","https://se-img.dcd-production.i.geniussports.com/2486f00667ff3afc356daad5104c02e2T1.png","13, Maximiliano Rojas Salinas","06:19:00","P2"
", 2PT bandeja  convertido","https://se-img.dcd-production.i.geniussports.com/c3e538b0395f1fdcfcbdef24c556c602T1.jpg","17, Juan J. Garcia Ahumada","05:51:00","P2"
", Asistencia","https://se-img.dcd-production.i.geniussports.com/c3e538b0395f1fdcfcbdef24c556c602T1.jpg","14, Pablo F. Fierro Velasquez","05:51:00","P2"
", Pérdida por mal pase","https://se-img.dcd-production.i.geniussports.com/2486f00667ff3afc356daad5104c02e2T1.png","13, Maximiliano Rojas Salinas","05:40:00","P2"
", Recuperación","https://se-img.dcd-production.i.geniussports.com/c3e538b0395f1fdcfcbdef24c556c602T1.jpg","23, David I. Gonzalez Lazcano","05:40:00","P2"
", 2PT bandeja","https://se-img.dcd-production.i.geniussports.com/c3e538b0395f1fdcfcbdef24c556c602T1.jpg","23, David I. Gonzalez Lazcano","05:32:00","P2"
"Rebote defensivo","https://se-img.dcd-production.i.geniussports.com/2486f00667ff3afc356daad5104c02e2T1.png","","05:32:00","P2"
", Se retira","https://se-img.dcd-production.i.geniussports.com/2486f00667ff3afc356daad5104c02e2T1.png","7, Nicolas Ortiz de Zarate","05:32:00","P2"
", Se retira","https://se-img.dcd-production.i.geniussports.com/2486f00667ff3afc356daad5104c02e2T1.png","8, Kurt Peters Diaz","05:32:00","P2"
", Entra a pista","https://se-img.dcd-production.i.geniussports.com/2486f00667ff3afc356daad5104c02e2T1.png","9, Lian Castro Castillo","05:32:00","P2"
", Entra a pista","https://se-img.dcd-production.i.geniussports.com/2486f00667ff3afc356daad5104c02e2T1.png","14, Alfredo Alvarez Flanega","05:32:00","P2"
", 3PT","https://se-img.dcd-production.i.geniussports.com/2486f00667ff3afc356daad5104c02e2T1.png","10, Carlos Gallegos Moya","05:18:00","P2"
", Rebote defensivo","https://se-img.dcd-production.i.geniussports.com/c3e538b0395f1fdcfcbdef24c556c602T1.jpg","9, Felipe Cordero Zurita","05:16:00","P2"
", 3PT","https://se-img.dcd-production.i.geniussports.com/c3e538b0395f1fdcfcbdef24c556c602T1.jpg","9, Felipe Cordero Zurita","05:05:00","P2"
", Rebote defensivo","https://se-img.dcd-production.i.geniussports.com/2486f00667ff3afc356daad5104c02e2T1.png","14, Alfredo Alvarez Flanega","05:01:00","P2"
", 2PT bandeja  convertido","https://se-img.dcd-production.i.geniussports.com/2486f00667ff3afc356daad5104c02e2T1.png","14, Alfredo Alvarez Flanega","04:49:00","P2"
", Asistencia","https://se-img.dcd-production.i.geniussports.com/2486f00667ff3afc356daad5104c02e2T1.png","10, Carlos Gallegos Moya","04:49:00","P2"
", 2PT bandeja  convertido","https://se-img.dcd-production.i.geniussports.com/c3e538b0395f1fdcfcbdef24c556c602T1.jpg","23, David I. Gonzalez Lazcano","04:35:00","P2"
", 2PT bandeja","https://se-img.dcd-production.i.geniussports.com/2486f00667ff3afc356daad5104c02e2T1.png","10, Carlos Gallegos Moya","04:25:00","P2"
", Rebote ofensivo","https://se-img.dcd-production.i.geniussports.com/2486f00667ff3afc356daad5104c02e2T1.png","14, Alfredo Alvarez Flanega","04:22:00","P2"
", 2PT tiro  convertido","https://se-img.dcd-production.i.geniussports.com/2486f00667ff3afc356daad5104c02e2T1.png","14, Alfredo Alvarez Flanega","04:19:00","P2"
", Asistencia","https://se-img.dcd-production.i.geniussports.com/2486f00667ff3afc356daad5104c02e2T1.png","9, Lian Castro Castillo","04:19:00","P2"
", Pérdida por mal pase","https://se-img.dcd-production.i.geniussports.com/2486f00667ff3afc356daad5104c02e2T1.png","13, Maximiliano Rojas Salinas","04:00:00","P2"
", Recuperación","https://se-img.dcd-production.i.geniussports.com/c3e538b0395f1fdcfcbdef24c556c602T1.jpg","10, Damian A. Espinoza Salinas","04:00:00","P2"
", 2PT bandeja  convertido","https://se-img.dcd-production.i.geniussports.com/c3e538b0395f1fdcfcbdef24c556c602T1.jpg","9, Felipe Cordero Zurita","03:55:00","P2"
", Falta personal","https://se-img.dcd-production.i.geniussports.com/2486f00667ff3afc356daad5104c02e2T1.png","14, Alfredo Alvarez Flanega","03:55:00","P2"
", Falta recibida","https://se-img.dcd-production.i.geniussports.com/c3e538b0395f1fdcfcbdef24c556c602T1.jpg","9, Felipe Cordero Zurita","03:55:00","P2"
", Se retira","https://se-img.dcd-production.i.geniussports.com/c3e538b0395f1fdcfcbdef24c556c602T1.jpg","23, David I. Gonzalez Lazcano","03:55:00","P2"
", Entra a pista","https://se-img.dcd-production.i.geniussports.com/c3e538b0395f1fdcfcbdef24c556c602T1.jpg","Fernando Acuna Henriquez","03:55:00","P2"
", Tiro libre 1/1  convertido","https://se-img.dcd-production.i.geniussports.com/c3e538b0395f1fdcfcbdef24c556c602T1.jpg","9, Felipe Cordero Zurita","03:55:00","P2"
", Pérdida por mal pase","https://se-img.dcd-production.i.geniussports.com/2486f00667ff3afc356daad5104c02e2T1.png","13, Maximiliano Rojas Salinas","03:48:00","P2"
", Recuperación","https://se-img.dcd-production.i.geniussports.com/c3e538b0395f1fdcfcbdef24c556c602T1.jpg","9, Felipe Cordero Zurita","03:48:00","P2"
", 3PT","https://se-img.dcd-production.i.geniussports.com/c3e538b0395f1fdcfcbdef24c556c602T1.jpg","10, Damian A. Espinoza Salinas","03:37:00","P2"
", Rebote ofensivo","https://se-img.dcd-production.i.geniussports.com/c3e538b0395f1fdcfcbdef24c556c602T1.jpg","Fernando Acuna Henriquez","03:33:00","P2"
", Se retira","https://se-img.dcd-production.i.geniussports.com/c3e538b0395f1fdcfcbdef24c556c602T1.jpg","14, Pablo F. Fierro Velasquez","03:32:00","P2"
", Entra a pista","https://se-img.dcd-production.i.geniussports.com/c3e538b0395f1fdcfcbdef24c556c602T1.jpg","7, Roman Bahamondes Diaz","03:32:00","P2"
", Pérdida por mal pase","https://se-img.dcd-production.i.geniussports.com/c3e538b0395f1fdcfcbdef24c556c602T1.jpg","10, Damian A. Espinoza Salinas","03:29:00","P2"
", Se retira","https://se-img.dcd-production.i.geniussports.com/2486f00667ff3afc356daad5104c02e2T1.png","10, Carlos Gallegos Moya","03:29:00","P2"
", Entra a pista","https://se-img.dcd-production.i.geniussports.com/2486f00667ff3afc356daad5104c02e2T1.png","6, Diego Gallardo Araya","03:29:00","P2"
", 2PT tiro  convertido","https://se-img.dcd-production.i.geniussports.com/2486f00667ff3afc356daad5104c02e2T1.png","15, Daniel Morales Gonzalez","03:21:00","P2"
", Asistencia","https://se-img.dcd-production.i.geniussports.com/2486f00667ff3afc356daad5104c02e2T1.png","13, Maximiliano Rojas Salinas","03:21:00","P2"
", 2PT bandeja","https://se-img.dcd-production.i.geniussports.com/c3e538b0395f1fdcfcbdef24c556c602T1.jpg","7, Roman Bahamondes Diaz","03:07:00","P2"
", Rebote defensivo","https://se-img.dcd-production.i.geniussports.com/2486f00667ff3afc356daad5104c02e2T1.png","14, Alfredo Alvarez Flanega","03:04:00","P2"
", 3PT","https://se-img.dcd-production.i.geniussports.com/2486f00667ff3afc356daad5104c02e2T1.png","13, Maximiliano Rojas Salinas","02:52:00","P2"
", Rebote defensivo","https://se-img.dcd-production.i.geniussports.com/c3e538b0395f1fdcfcbdef24c556c602T1.jpg","Fernando Acuna Henriquez","02:49:00","P2"
", 2PT bandeja","https://se-img.dcd-production.i.geniussports.com/c3e538b0395f1fdcfcbdef24c556c602T1.jpg","Fernando Acuna Henriquez","02:32:00","P2"
", Rebote defensivo","https://se-img.dcd-production.i.geniussports.com/2486f00667ff3afc356daad5104c02e2T1.png","15, Daniel Morales Gonzalez","02:27:00","P2"
", 2PT bandeja","https://se-img.dcd-production.i.geniussports.com/2486f00667ff3afc356daad5104c02e2T1.png","6, Diego Gallardo Araya","02:18:00","P2"
", Rebote defensivo","https://se-img.dcd-production.i.geniussports.com/c3e538b0395f1fdcfcbdef24c556c602T1.jpg","9, Felipe Cordero Zurita","02:13:00","P2"
", 2PT bandeja","https://se-img.dcd-production.i.geniussports.com/c3e538b0395f1fdcfcbdef24c556c602T1.jpg","7, Roman Bahamondes Diaz","02:09:00","P2"
", Rebote ofensivo","https://se-img.dcd-production.i.geniussports.com/c3e538b0395f1fdcfcbdef24c556c602T1.jpg","10, Damian A. Espinoza Salinas","02:05:00","P2"
", 2PT tiro","https://se-img.dcd-production.i.geniussports.com/c3e538b0395f1fdcfcbdef24c556c602T1.jpg","9, Felipe Cordero Zurita","02:01:00","P2"
", Rebote ofensivo","https://se-img.dcd-production.i.geniussports.com/c3e538b0395f1fdcfcbdef24c556c602T1.jpg","7, Roman Bahamondes Diaz","01:59:00","P2"
", 2PT bandeja","https://se-img.dcd-production.i.geniussports.com/c3e538b0395f1fdcfcbdef24c556c602T1.jpg","10, Damian A. Espinoza Salinas","01:55:00","P2"
", Rebote defensivo","https://se-img.dcd-production.i.geniussports.com/2486f00667ff3afc356daad5104c02e2T1.png","9, Lian Castro Castillo","01:52:00","P2"
", 2PT tiro","https://se-img.dcd-production.i.geniussports.com/2486f00667ff3afc356daad5104c02e2T1.png","9, Lian Castro Castillo","01:46:00","P2"
", Rebote defensivo","https://se-img.dcd-production.i.geniussports.com/c3e538b0395f1fdcfcbdef24c556c602T1.jpg","17, Juan J. Garcia Ahumada","01:43:00","P2"
", 2PT bandeja","https://se-img.dcd-production.i.geniussports.com/c3e538b0395f1fdcfcbdef24c556c602T1.jpg","9, Felipe Cordero Zurita","01:32:00","P2"
", Tapón","https://se-img.dcd-production.i.geniussports.com/2486f00667ff3afc356daad5104c02e2T1.png","15, Daniel Morales Gonzalez","01:32:00","P2"
"Rebote defensivo","https://se-img.dcd-production.i.geniussports.com/2486f00667ff3afc356daad5104c02e2T1.png","","01:25:00","P2"
", Pérdida en el manejo del balón","https://se-img.dcd-production.i.geniussports.com/2486f00667ff3afc356daad5104c02e2T1.png","9, Lian Castro Castillo","01:24:00","P2"
", Recuperación","https://se-img.dcd-production.i.geniussports.com/c3e538b0395f1fdcfcbdef24c556c602T1.jpg","10, Damian A. Espinoza Salinas","01:24:00","P2"
", Pérdida por mal pase","https://se-img.dcd-production.i.geniussports.com/c3e538b0395f1fdcfcbdef24c556c602T1.jpg","Fernando Acuna Henriquez","01:08:00","P2"
"TIEMPO MUERTO","https://se-img.dcd-production.i.geniussports.com/2486f00667ff3afc356daad5104c02e2T1.png","","01:08:00","P2"
", Se retira","https://se-img.dcd-production.i.geniussports.com/c3e538b0395f1fdcfcbdef24c556c602T1.jpg","9, Felipe Cordero Zurita","01:08:00","P2"
", Se retira","https://se-img.dcd-production.i.geniussports.com/c3e538b0395f1fdcfcbdef24c556c602T1.jpg","17, Juan J. Garcia Ahumada","01:08:00","P2"
", Entra a pista","https://se-img.dcd-production.i.geniussports.com/c3e538b0395f1fdcfcbdef24c556c602T1.jpg","14, Pablo F. Fierro Velasquez","01:08:00","P2"
", Entra a pista","https://se-img.dcd-production.i.geniussports.com/c3e538b0395f1fdcfcbdef24c556c602T1.jpg","21, Ruben A. Godoy Santana","01:08:00","P2"
", 2PT bandeja","https://se-img.dcd-production.i.geniussports.com/2486f00667ff3afc356daad5104c02e2T1.png","14, Alfredo Alvarez Flanega","00:58:20","P2"
", Rebote ofensivo","https://se-img.dcd-production.i.geniussports.com/2486f00667ff3afc356daad5104c02e2T1.png","15, Daniel Morales Gonzalez","00:54:60","P2"
", 2PT bandeja","https://se-img.dcd-production.i.geniussports.com/2486f00667ff3afc356daad5104c02e2T1.png","15, Daniel Morales Gonzalez","00:53:80","P2"
", Rebote defensivo","https://se-img.dcd-production.i.geniussports.com/c3e538b0395f1fdcfcbdef24c556c602T1.jpg","14, Pablo F. Fierro Velasquez","00:50:90","P2"
", 2PT bandeja","https://se-img.dcd-production.i.geniussports.com/c3e538b0395f1fdcfcbdef24c556c602T1.jpg","7, Roman Bahamondes Diaz","00:40:60","P2"
", Rebote defensivo","https://se-img.dcd-production.i.geniussports.com/2486f00667ff3afc356daad5104c02e2T1.png","14, Alfredo Alvarez Flanega","00:37:60","P2"
", 3PT","https://se-img.dcd-production.i.geniussports.com/2486f00667ff3afc356daad5104c02e2T1.png","9, Lian Castro Castillo","00:29:50","P2"
", Rebote ofensivo","https://se-img.dcd-production.i.geniussports.com/2486f00667ff3afc356daad5104c02e2T1.png","14, Alfredo Alvarez Flanega","00:26:20","P2"
", 2PT bandeja","https://se-img.dcd-production.i.geniussports.com/2486f00667ff3afc356daad5104c02e2T1.png","14, Alfredo Alvarez Flanega","00:25:40","P2"
", Rebote defensivo","https://se-img.dcd-production.i.geniussports.com/c3e538b0395f1fdcfcbdef24c556c602T1.jpg","21, Ruben A. Godoy Santana","00:22:50","P2"
", 2PT bandeja","https://se-img.dcd-production.i.geniussports.com/c3e538b0395f1fdcfcbdef24c556c602T1.jpg","14, Pablo F. Fierro Velasquez","00:15:80","P2"
", Rebote ofensivo","https://se-img.dcd-production.i.geniussports.com/c3e538b0395f1fdcfcbdef24c556c602T1.jpg","21, Ruben A. Godoy Santana","00:13:30","P2"
", Se retira","https://se-img.dcd-production.i.geniussports.com/c3e538b0395f1fdcfcbdef24c556c602T1.jpg","10, Damian A. Espinoza Salinas","00:05:30","P2"
", Entra a pista","https://se-img.dcd-production.i.geniussports.com/c3e538b0395f1fdcfcbdef24c556c602T1.jpg","13, Miguel Estay Romero","00:05:30","P2"
"PERIODO FINALIZADO","","","",""
", Se retira","https://se-img.dcd-production.i.geniussports.com/c3e538b0395f1fdcfcbdef24c556c602T1.jpg","Fernando Acuna Henriquez","10:00:00","P3"
", Se retira","https://se-img.dcd-production.i.geniussports.com/c3e538b0395f1fdcfcbdef24c556c602T1.jpg","7, Roman Bahamondes Diaz","10:00:00","P3"
", Se retira","https://se-img.dcd-production.i.geniussports.com/c3e538b0395f1fdcfcbdef24c556c602T1.jpg","13, Miguel Estay Romero","10:00:00","P3"
", Se retira","https://se-img.dcd-production.i.geniussports.com/c3e538b0395f1fdcfcbdef24c556c602T1.jpg","21, Ruben A. Godoy Santana","10:00:00","P3"
", Entra a pista","https://se-img.dcd-production.i.geniussports.com/c3e538b0395f1fdcfcbdef24c556c602T1.jpg","9, Felipe Cordero Zurita","10:00:00","P3"
", Entra a pista","https://se-img.dcd-production.i.geniussports.com/c3e538b0395f1fdcfcbdef24c556c602T1.jpg","10, Damian A. Espinoza Salinas","10:00:00","P3"
", Entra a pista","https://se-img.dcd-production.i.geniussports.com/c3e538b0395f1fdcfcbdef24c556c602T1.jpg","17, Juan J. Garcia Ahumada","10:00:00","P3"
", Entra a pista","https://se-img.dcd-production.i.geniussports.com/c3e538b0395f1fdcfcbdef24c556c602T1.jpg","23, David I. Gonzalez Lazcano","10:00:00","P3"
"INICIO PERIODO","","","",""
", 2PT bandeja  convertido","https://se-img.dcd-production.i.geniussports.com/2486f00667ff3afc356daad5104c02e2T1.png","15, Daniel Morales Gonzalez","09:48:00","P3"
", 2PT bandeja","https://se-img.dcd-production.i.geniussports.com/c3e538b0395f1fdcfcbdef24c556c602T1.jpg","9, Felipe Cordero Zurita","09:26:00","P3"
", Rebote defensivo","https://se-img.dcd-production.i.geniussports.com/2486f00667ff3afc356daad5104c02e2T1.png","15, Daniel Morales Gonzalez","09:23:00","P3"
", 2PT bandeja  convertido","https://se-img.dcd-production.i.geniussports.com/2486f00667ff3afc356daad5104c02e2T1.png","9, Lian Castro Castillo","09:19:00","P3"
", 2PT tiro","https://se-img.dcd-production.i.geniussports.com/c3e538b0395f1fdcfcbdef24c556c602T1.jpg","23, David I. Gonzalez Lazcano","08:54:00","P3"
", Rebote defensivo","https://se-img.dcd-production.i.geniussports.com/2486f00667ff3afc356daad5104c02e2T1.png","9, Lian Castro Castillo","08:50:00","P3"
", 2PT bandeja  convertido","https://se-img.dcd-production.i.geniussports.com/2486f00667ff3afc356daad5104c02e2T1.png","9, Lian Castro Castillo","08:47:00","P3"
"Pérdida por fin de posesión","https://se-img.dcd-production.i.geniussports.com/c3e538b0395f1fdcfcbdef24c556c602T1.jpg","","08:20:00","P3"
", Se retira","https://se-img.dcd-production.i.geniussports.com/c3e538b0395f1fdcfcbdef24c556c602T1.jpg","17, Juan J. Garcia Ahumada","08:20:00","P3"
", Entra a pista","https://se-img.dcd-production.i.geniussports.com/c3e538b0395f1fdcfcbdef24c556c602T1.jpg","13, Miguel Estay Romero","08:20:00","P3"
", 2PT tiro  convertido","https://se-img.dcd-production.i.geniussports.com/2486f00667ff3afc356daad5104c02e2T1.png","13, Maximiliano Rojas Salinas","08:13:00","P3"
", 2PT bandeja  convertido","https://se-img.dcd-production.i.geniussports.com/c3e538b0395f1fdcfcbdef24c556c602T1.jpg","23, David I. Gonzalez Lazcano","07:55:00","P3"
", 2PT bandeja  convertido","https://se-img.dcd-production.i.geniussports.com/2486f00667ff3afc356daad5104c02e2T1.png","9, Lian Castro Castillo","07:36:00","P3"
", 3PT","https://se-img.dcd-production.i.geniussports.com/c3e538b0395f1fdcfcbdef24c556c602T1.jpg","23, David I. Gonzalez Lazcano","07:21:00","P3"
", Rebote ofensivo","https://se-img.dcd-production.i.geniussports.com/c3e538b0395f1fdcfcbdef24c556c602T1.jpg","9, Felipe Cordero Zurita","07:17:00","P3"
", 2PT tiro  convertido","https://se-img.dcd-production.i.geniussports.com/c3e538b0395f1fdcfcbdef24c556c602T1.jpg","10, Damian A. Espinoza Salinas","07:16:00","P3"
", Pérdida en el manejo del balón","https://se-img.dcd-production.i.geniussports.com/2486f00667ff3afc356daad5104c02e2T1.png","14, Alfredo Alvarez Flanega","07:05:00","P3"
", 2PT tiro","https://se-img.dcd-production.i.geniussports.com/c3e538b0395f1fdcfcbdef24c556c602T1.jpg","10, Damian A. Espinoza Salinas","06:50:00","P3"
"Rebote defensivo","https://se-img.dcd-production.i.geniussports.com/2486f00667ff3afc356daad5104c02e2T1.png","","06:49:00","P3"
", 2PT bandeja","https://se-img.dcd-production.i.geniussports.com/2486f00667ff3afc356daad5104c02e2T1.png","14, Alfredo Alvarez Flanega","06:46:00","P3"
", Rebote defensivo","https://se-img.dcd-production.i.geniussports.com/c3e538b0395f1fdcfcbdef24c556c602T1.jpg","23, David I. Gonzalez Lazcano","06:36:00","P3"
", 2PT bandeja","https://se-img.dcd-production.i.geniussports.com/c3e538b0395f1fdcfcbdef24c556c602T1.jpg","23, David I. Gonzalez Lazcano","06:35:00","P3"
", Rebote defensivo","https://se-img.dcd-production.i.geniussports.com/2486f00667ff3afc356daad5104c02e2T1.png","14, Alfredo Alvarez Flanega","06:32:00","P3"
", 2PT bandeja","https://se-img.dcd-production.i.geniussports.com/2486f00667ff3afc356daad5104c02e2T1.png","9, Lian Castro Castillo","06:25:00","P3"
", Rebote defensivo","https://se-img.dcd-production.i.geniussports.com/c3e538b0395f1fdcfcbdef24c556c602T1.jpg","9, Felipe Cordero Zurita","06:22:00","P3"
", 2PT bandeja  convertido","https://se-img.dcd-production.i.geniussports.com/c3e538b0395f1fdcfcbdef24c556c602T1.jpg","23, David I. Gonzalez Lazcano","06:18:00","P3"
", 3PT  convertido","https://se-img.dcd-production.i.geniussports.com/2486f00667ff3afc356daad5104c02e2T1.png","13, Maximiliano Rojas Salinas","06:04:00","P3"
", 2PT bandeja  convertido","https://se-img.dcd-production.i.geniussports.com/c3e538b0395f1fdcfcbdef24c556c602T1.jpg","14, Pablo F. Fierro Velasquez","05:45:00","P3"
", Falta personal","https://se-img.dcd-production.i.geniussports.com/c3e538b0395f1fdcfcbdef24c556c602T1.jpg","10, Damian A. Espinoza Salinas","05:37:00","P3"
", Falta recibida","https://se-img.dcd-production.i.geniussports.com/2486f00667ff3afc356daad5104c02e2T1.png","9, Lian Castro Castillo","05:37:00","P3"
", Tiro libre 1/2  convertido","https://se-img.dcd-production.i.geniussports.com/2486f00667ff3afc356daad5104c02e2T1.png","9, Lian Castro Castillo","05:37:00","P3"
", Tiro libre 2/2  convertido","https://se-img.dcd-production.i.geniussports.com/2486f00667ff3afc356daad5104c02e2T1.png","9, Lian Castro Castillo","05:37:00","P3"
", 3PT  convertido","https://se-img.dcd-production.i.geniussports.com/c3e538b0395f1fdcfcbdef24c556c602T1.jpg","10, Damian A. Espinoza Salinas","05:17:00","P3"
", 2PT bandeja  convertido","https://se-img.dcd-production.i.geniussports.com/2486f00667ff3afc356daad5104c02e2T1.png","15, Daniel Morales Gonzalez","05:02:00","P3"
", Pérdida en el manejo del balón","https://se-img.dcd-production.i.geniussports.com/c3e538b0395f1fdcfcbdef24c556c602T1.jpg","13, Miguel Estay Romero","04:50:00","P3"
", Se retira","https://se-img.dcd-production.i.geniussports.com/2486f00667ff3afc356daad5104c02e2T1.png","6, Diego Gallardo Araya","04:50:00","P3"
", Entra a pista","https://se-img.dcd-production.i.geniussports.com/2486f00667ff3afc356daad5104c02e2T1.png","11, Gonzalo Rojo Arqueros","04:50:00","P3"
", Se retira","https://se-img.dcd-production.i.geniussports.com/c3e538b0395f1fdcfcbdef24c556c602T1.jpg","13, Miguel Estay Romero","04:50:00","P3"
", Entra a pista","https://se-img.dcd-production.i.geniussports.com/c3e538b0395f1fdcfcbdef24c556c602T1.jpg","8, Gasphar Caneo Salinas","04:50:00","P3"
", Pérdida en el manejo del balón","https://se-img.dcd-production.i.geniussports.com/2486f00667ff3afc356daad5104c02e2T1.png","11, Gonzalo Rojo Arqueros","04:33:00","P3"
", Recuperación","https://se-img.dcd-production.i.geniussports.com/c3e538b0395f1fdcfcbdef24c556c602T1.jpg","8, Gasphar Caneo Salinas","04:33:00","P3"
", Falta personal","https://se-img.dcd-production.i.geniussports.com/2486f00667ff3afc356daad5104c02e2T1.png","13, Maximiliano Rojas Salinas","04:28:00","P3"
", Falta recibida","https://se-img.dcd-production.i.geniussports.com/c3e538b0395f1fdcfcbdef24c556c602T1.jpg","8, Gasphar Caneo Salinas","04:28:00","P3"
", Tiro libre 1/2","https://se-img.dcd-production.i.geniussports.com/c3e538b0395f1fdcfcbdef24c556c602T1.jpg","8, Gasphar Caneo Salinas","04:28:00","P3"
", Tiro libre 2/2","https://se-img.dcd-production.i.geniussports.com/c3e538b0395f1fdcfcbdef24c556c602T1.jpg","8, Gasphar Caneo Salinas","04:28:00","P3"
", Rebote defensivo","https://se-img.dcd-production.i.geniussports.com/2486f00667ff3afc356daad5104c02e2T1.png","14, Alfredo Alvarez Flanega","04:28:00","P3"
", Falta personal","https://se-img.dcd-production.i.geniussports.com/c3e538b0395f1fdcfcbdef24c556c602T1.jpg","14, Pablo F. Fierro Velasquez","04:15:00","P3"
", Falta recibida","https://se-img.dcd-production.i.geniussports.com/2486f00667ff3afc356daad5104c02e2T1.png","14, Alfredo Alvarez Flanega","04:15:00","P3"
", Tiro libre 1/2  convertido","https://se-img.dcd-production.i.geniussports.com/2486f00667ff3afc356daad5104c02e2T1.png","14, Alfredo Alvarez Flanega","04:15:00","P3"
", Tiro libre 2/2","https://se-img.dcd-production.i.geniussports.com/2486f00667ff3afc356daad5104c02e2T1.png","14, Alfredo Alvarez Flanega","04:15:00","P3"
", Rebote defensivo","https://se-img.dcd-production.i.geniussports.com/c3e538b0395f1fdcfcbdef24c556c602T1.jpg","23, David I. Gonzalez Lazcano","04:15:00","P3"
", Se retira","https://se-img.dcd-production.i.geniussports.com/c3e538b0395f1fdcfcbdef24c556c602T1.jpg","9, Felipe Cordero Zurita","04:01:00","P3"
", Entra a pista","https://se-img.dcd-production.i.geniussports.com/c3e538b0395f1fdcfcbdef24c556c602T1.jpg","7, Roman Bahamondes Diaz","04:01:00","P3"
", Falta personal","https://se-img.dcd-production.i.geniussports.com/2486f00667ff3afc356daad5104c02e2T1.png","13, Maximiliano Rojas Salinas","04:01:00","P3"
", Falta recibida","https://se-img.dcd-production.i.geniussports.com/c3e538b0395f1fdcfcbdef24c556c602T1.jpg","7, Roman Bahamondes Diaz","04:01:00","P3"
", Se retira","https://se-img.dcd-production.i.geniussports.com/2486f00667ff3afc356daad5104c02e2T1.png","13, Maximiliano Rojas Salinas","03:51:00","P3"
", Entra a pista","https://se-img.dcd-production.i.geniussports.com/2486f00667ff3afc356daad5104c02e2T1.png","10, Carlos Gallegos Moya","03:51:00","P3"
", 3PT","https://se-img.dcd-production.i.geniussports.com/c3e538b0395f1fdcfcbdef24c556c602T1.jpg","10, Damian A. Espinoza Salinas","03:46:00","P3"
", Rebote defensivo","https://se-img.dcd-production.i.geniussports.com/2486f00667ff3afc356daad5104c02e2T1.png","15, Daniel Morales Gonzalez","03:42:00","P3"
", 2PT bandeja","https://se-img.dcd-production.i.geniussports.com/2486f00667ff3afc356daad5104c02e2T1.png","11, Gonzalo Rojo Arqueros","03:37:00","P3"
", Rebote ofensivo","https://se-img.dcd-production.i.geniussports.com/2486f00667ff3afc356daad5104c02e2T1.png","15, Daniel Morales Gonzalez","03:32:00","P3"
", 2PT tiro  convertido","https://se-img.dcd-production.i.geniussports.com/2486f00667ff3afc356daad5104c02e2T1.png","15, Daniel Morales Gonzalez","03:31:00","P3"
", 2PT bandeja","https://se-img.dcd-production.i.geniussports.com/c3e538b0395f1fdcfcbdef24c556c602T1.jpg","7, Roman Bahamondes Diaz","03:24:00","P3"
", Rebote defensivo","https://se-img.dcd-production.i.geniussports.com/2486f00667ff3afc356daad5104c02e2T1.png","14, Alfredo Alvarez Flanega","03:21:00","P3"
", Pérdida por mal pase","https://se-img.dcd-production.i.geniussports.com/2486f00667ff3afc356daad5104c02e2T1.png","9, Lian Castro Castillo","03:21:00","P3"
", Recuperación","https://se-img.dcd-production.i.geniussports.com/c3e538b0395f1fdcfcbdef24c556c602T1.jpg","10, Damian A. Espinoza Salinas","03:21:00","P3"
", 2PT bandeja","https://se-img.dcd-production.i.geniussports.com/c3e538b0395f1fdcfcbdef24c556c602T1.jpg","10, Damian A. Espinoza Salinas","03:15:00","P3"
", Rebote defensivo","https://se-img.dcd-production.i.geniussports.com/2486f00667ff3afc356daad5104c02e2T1.png","15, Daniel Morales Gonzalez","03:12:00","P3"
", 2PT tiro","https://se-img.dcd-production.i.geniussports.com/2486f00667ff3afc356daad5104c02e2T1.png","9, Lian Castro Castillo","03:01:00","P3"
", Rebote defensivo","https://se-img.dcd-production.i.geniussports.com/c3e538b0395f1fdcfcbdef24c556c602T1.jpg","7, Roman Bahamondes Diaz","02:58:00","P3"
", Pérdida por pasos","https://se-img.dcd-production.i.geniussports.com/c3e538b0395f1fdcfcbdef24c556c602T1.jpg","7, Roman Bahamondes Diaz","02:38:00","P3"
", Se retira","https://se-img.dcd-production.i.geniussports.com/c3e538b0395f1fdcfcbdef24c556c602T1.jpg","7, Roman Bahamondes Diaz","02:38:00","P3"
", Se retira","https://se-img.dcd-production.i.geniussports.com/c3e538b0395f1fdcfcbdef24c556c602T1.jpg","8, Gasphar Caneo Salinas","02:38:00","P3"
", Entra a pista","https://se-img.dcd-production.i.geniussports.com/c3e538b0395f1fdcfcbdef24c556c602T1.jpg","Fernando Acuna Henriquez","02:38:00","P3"
", Entra a pista","https://se-img.dcd-production.i.geniussports.com/c3e538b0395f1fdcfcbdef24c556c602T1.jpg","5, Benjamin A. Andrade Contreras","02:38:00","P3"
", 2PT tiro","https://se-img.dcd-production.i.geniussports.com/2486f00667ff3afc356daad5104c02e2T1.png","14, Alfredo Alvarez Flanega","02:26:00","P3"
", Rebote defensivo","https://se-img.dcd-production.i.geniussports.com/c3e538b0395f1fdcfcbdef24c556c602T1.jpg","23, David I. Gonzalez Lazcano","02:23:00","P3"
", Falta personal","https://se-img.dcd-production.i.geniussports.com/2486f00667ff3afc356daad5104c02e2T1.png","10, Carlos Gallegos Moya","02:11:00","P3"
", Falta recibida","https://se-img.dcd-production.i.geniussports.com/c3e538b0395f1fdcfcbdef24c556c602T1.jpg","23, David I. Gonzalez Lazcano","02:11:00","P3"
", Pérdida por mal pase","https://se-img.dcd-production.i.geniussports.com/c3e538b0395f1fdcfcbdef24c556c602T1.jpg","23, David I. Gonzalez Lazcano","02:01:00","P3"
", Recuperación","https://se-img.dcd-production.i.geniussports.com/2486f00667ff3afc356daad5104c02e2T1.png","11, Gonzalo Rojo Arqueros","02:01:00","P3"
", Falta personal","https://se-img.dcd-production.i.geniussports.com/c3e538b0395f1fdcfcbdef24c556c602T1.jpg","5, Benjamin A. Andrade Contreras","01:57:00","P3"
", Falta recibida","https://se-img.dcd-production.i.geniussports.com/2486f00667ff3afc356daad5104c02e2T1.png","11, Gonzalo Rojo Arqueros","01:57:00","P3"
", Se retira","https://se-img.dcd-production.i.geniussports.com/c3e538b0395f1fdcfcbdef24c556c602T1.jpg","14, Pablo F. Fierro Velasquez","01:57:00","P3"
", Se retira","https://se-img.dcd-production.i.geniussports.com/c3e538b0395f1fdcfcbdef24c556c602T1.jpg","23, David I. Gonzalez Lazcano","01:57:00","P3"
", Entra a pista","https://se-img.dcd-production.i.geniussports.com/c3e538b0395f1fdcfcbdef24c556c602T1.jpg","13, Miguel Estay Romero","01:57:00","P3"
", Entra a pista","https://se-img.dcd-production.i.geniussports.com/c3e538b0395f1fdcfcbdef24c556c602T1.jpg","17, Juan J. Garcia Ahumada","01:57:00","P3"
", Tiro libre 1/2  convertido","https://se-img.dcd-production.i.geniussports.com/2486f00667ff3afc356daad5104c02e2T1.png","11, Gonzalo Rojo Arqueros","01:57:00","P3"
", Tiro libre 2/2  convertido","https://se-img.dcd-production.i.geniussports.com/2486f00667ff3afc356daad5104c02e2T1.png","11, Gonzalo Rojo Arqueros","01:57:00","P3"
", Pérdida en el manejo del balón","https://se-img.dcd-production.i.geniussports.com/c3e538b0395f1fdcfcbdef24c556c602T1.jpg","5, Benjamin A. Andrade Contreras","01:43:00","P3"
", Recuperación","https://se-img.dcd-production.i.geniussports.com/2486f00667ff3afc356daad5104c02e2T1.png","11, Gonzalo Rojo Arqueros","01:43:00","P3"
", 2PT bandeja  convertido","https://se-img.dcd-production.i.geniussports.com/2486f00667ff3afc356daad5104c02e2T1.png","9, Lian Castro Castillo","01:40:00","P3"
", Asistencia","https://se-img.dcd-production.i.geniussports.com/2486f00667ff3afc356daad5104c02e2T1.png","11, Gonzalo Rojo Arqueros","01:40:00","P3"
"TIEMPO MUERTO","https://se-img.dcd-production.i.geniussports.com/c3e538b0395f1fdcfcbdef24c556c602T1.jpg","","01:40:00","P3"
", Pérdida por mal pase","https://se-img.dcd-production.i.geniussports.com/c3e538b0395f1fdcfcbdef24c556c602T1.jpg","10, Damian A. Espinoza Salinas","01:27:00","P3"
", Recuperación","https://se-img.dcd-production.i.geniussports.com/2486f00667ff3afc356daad5104c02e2T1.png","14, Alfredo Alvarez Flanega","01:27:00","P3"
", 2PT bandeja  convertido","https://se-img.dcd-production.i.geniussports.com/2486f00667ff3afc356daad5104c02e2T1.png","14, Alfredo Alvarez Flanega","01:22:00","P3"
", 2PT gancho","https://se-img.dcd-production.i.geniussports.com/c3e538b0395f1fdcfcbdef24c556c602T1.jpg","17, Juan J. Garcia Ahumada","01:10:00","P3"
", Rebote ofensivo","https://se-img.dcd-production.i.geniussports.com/c3e538b0395f1fdcfcbdef24c556c602T1.jpg","5, Benjamin A. Andrade Contreras","01:07:00","P3"
", 2PT bandeja","https://se-img.dcd-production.i.geniussports.com/c3e538b0395f1fdcfcbdef24c556c602T1.jpg","5, Benjamin A. Andrade Contreras","01:00:00","P3"
", Tapón","https://se-img.dcd-production.i.geniussports.com/2486f00667ff3afc356daad5104c02e2T1.png","14, Alfredo Alvarez Flanega","01:00:00","P3"
"Rebote ofensivo","https://se-img.dcd-production.i.geniussports.com/c3e538b0395f1fdcfcbdef24c556c602T1.jpg","","01:00:00","P3"
", Se retira","https://se-img.dcd-production.i.geniussports.com/c3e538b0395f1fdcfcbdef24c556c602T1.jpg","10, Damian A. Espinoza Salinas","01:00:00","P3"
", Entra a pista","https://se-img.dcd-production.i.geniussports.com/c3e538b0395f1fdcfcbdef24c556c602T1.jpg","23, David I. Gonzalez Lazcano","01:00:00","P3"
", Pérdida por mal pase","https://se-img.dcd-production.i.geniussports.com/c3e538b0395f1fdcfcbdef24c556c602T1.jpg","Fernando Acuna Henriquez","00:57:30","P3"
", Recuperación","https://se-img.dcd-production.i.geniussports.com/2486f00667ff3afc356daad5104c02e2T1.png","9, Lian Castro Castillo","00:57:30","P3"
", 2PT bandeja","https://se-img.dcd-production.i.geniussports.com/2486f00667ff3afc356daad5104c02e2T1.png","15, Daniel Morales Gonzalez","00:42:90","P3"
", Rebote defensivo","https://se-img.dcd-production.i.geniussports.com/c3e538b0395f1fdcfcbdef24c556c602T1.jpg","23, David I. Gonzalez Lazcano","00:42:40","P3"
", Falta personal","https://se-img.dcd-production.i.geniussports.com/2486f00667ff3afc356daad5104c02e2T1.png","14, Alfredo Alvarez Flanega","00:42:40","P3"
", Falta recibida","https://se-img.dcd-production.i.geniussports.com/c3e538b0395f1fdcfcbdef24c556c602T1.jpg","23, David I. Gonzalez Lazcano","00:42:40","P3"
", 2PT tiro","https://se-img.dcd-production.i.geniussports.com/c3e538b0395f1fdcfcbdef24c556c602T1.jpg","Fernando Acuna Henriquez","00:19:60","P3"
"Rebote defensivo","https://se-img.dcd-production.i.geniussports.com/2486f00667ff3afc356daad5104c02e2T1.png","","00:19:60","P3"
", Falta técnica","https://se-img.dcd-production.i.geniussports.com/c3e538b0395f1fdcfcbdef24c556c602T1.jpg","17, Juan J. Garcia Ahumada","00:19:60","P3"
", Se retira","https://se-img.dcd-production.i.geniussports.com/2486f00667ff3afc356daad5104c02e2T1.png","14, Alfredo Alvarez Flanega","00:19:60","P3"
", Entra a pista","https://se-img.dcd-production.i.geniussports.com/2486f00667ff3afc356daad5104c02e2T1.png","12, Juan Arostica Diaz","00:19:60","P3"
", Tiro libre 1/1","https://se-img.dcd-production.i.geniussports.com/2486f00667ff3afc356daad5104c02e2T1.png","11, Gonzalo Rojo Arqueros","00:19:60","P3"
", 2PT bandeja","https://se-img.dcd-production.i.geniussports.com/2486f00667ff3afc356daad5104c02e2T1.png","15, Daniel Morales Gonzalez","00:01:70","P3"
", Rebote defensivo","https://se-img.dcd-production.i.geniussports.com/c3e538b0395f1fdcfcbdef24c556c602T1.jpg","23, David I. Gonzalez Lazcano","00:01:20","P3"
"PERIODO FINALIZADO","","","",""
", Se retira","https://se-img.dcd-production.i.geniussports.com/2486f00667ff3afc356daad5104c02e2T1.png","15, Daniel Morales Gonzalez","10:00:00","P4"
", Entra a pista","https://se-img.dcd-production.i.geniussports.com/2486f00667ff3afc356daad5104c02e2T1.png","13, Maximiliano Rojas Salinas","10:00:00","P4"
", Se retira","https://se-img.dcd-production.i.geniussports.com/c3e538b0395f1fdcfcbdef24c556c602T1.jpg","Fernando Acuna Henriquez","10:00:00","P4"
", Se retira","https://se-img.dcd-production.i.geniussports.com/c3e538b0395f1fdcfcbdef24c556c602T1.jpg","13, Miguel Estay Romero","10:00:00","P4"
", Entra a pista","https://se-img.dcd-production.i.geniussports.com/c3e538b0395f1fdcfcbdef24c556c602T1.jpg","9, Felipe Cordero Zurita","10:00:00","P4"
", Entra a pista","https://se-img.dcd-production.i.geniussports.com/c3e538b0395f1fdcfcbdef24c556c602T1.jpg","14, Pablo F. Fierro Velasquez","10:00:00","P4"
", Se retira","https://se-img.dcd-production.i.geniussports.com/2486f00667ff3afc356daad5104c02e2T1.png","13, Maximiliano Rojas Salinas","10:00:00","P4"
", Entra a pista","https://se-img.dcd-production.i.geniussports.com/2486f00667ff3afc356daad5104c02e2T1.png","15, Daniel Morales Gonzalez","10:00:00","P4"
"INICIO PERIODO","","","",""
", 2PT bandeja  convertido","https://se-img.dcd-production.i.geniussports.com/c3e538b0395f1fdcfcbdef24c556c602T1.jpg","23, David I. Gonzalez Lazcano","09:47:00","P4"
"Salto balón retenido","https://se-img.dcd-production.i.geniussports.com/2486f00667ff3afc356daad5104c02e2T1.png","","09:29:00","P4"
", 3PT","https://se-img.dcd-production.i.geniussports.com/2486f00667ff3afc356daad5104c02e2T1.png","15, Daniel Morales Gonzalez","09:22:00","P4"
", Rebote defensivo","https://se-img.dcd-production.i.geniussports.com/c3e538b0395f1fdcfcbdef24c556c602T1.jpg","23, David I. Gonzalez Lazcano","09:19:00","P4"
", Pérdida en el manejo del balón","https://se-img.dcd-production.i.geniussports.com/c3e538b0395f1fdcfcbdef24c556c602T1.jpg","17, Juan J. Garcia Ahumada","09:07:00","P4"
", Recuperación","https://se-img.dcd-production.i.geniussports.com/2486f00667ff3afc356daad5104c02e2T1.png","9, Lian Castro Castillo","09:07:00","P4"
", 2PT tiro  convertido","https://se-img.dcd-production.i.geniussports.com/2486f00667ff3afc356daad5104c02e2T1.png","9, Lian Castro Castillo","09:01:00","P4"
", 2PT tiro","https://se-img.dcd-production.i.geniussports.com/c3e538b0395f1fdcfcbdef24c556c602T1.jpg","5, Benjamin A. Andrade Contreras","08:42:00","P4"
", Rebote defensivo","https://se-img.dcd-production.i.geniussports.com/2486f00667ff3afc356daad5104c02e2T1.png","9, Lian Castro Castillo","08:37:00","P4"
", 3PT","https://se-img.dcd-production.i.geniussports.com/2486f00667ff3afc356daad5104c02e2T1.png","10, Carlos Gallegos Moya","08:29:00","P4"
", Rebote defensivo","https://se-img.dcd-production.i.geniussports.com/c3e538b0395f1fdcfcbdef24c556c602T1.jpg","14, Pablo F. Fierro Velasquez","08:25:00","P4"
", 2PT bandeja  convertido","https://se-img.dcd-production.i.geniussports.com/c3e538b0395f1fdcfcbdef24c556c602T1.jpg","9, Felipe Cordero Zurita","08:13:00","P4"
", Falta personal","https://se-img.dcd-production.i.geniussports.com/c3e538b0395f1fdcfcbdef24c556c602T1.jpg","17, Juan J. Garcia Ahumada","07:58:00","P4"
", Falta recibida","https://se-img.dcd-production.i.geniussports.com/2486f00667ff3afc356daad5104c02e2T1.png","9, Lian Castro Castillo","07:58:00","P4"
", Se retira","https://se-img.dcd-production.i.geniussports.com/c3e538b0395f1fdcfcbdef24c556c602T1.jpg","17, Juan J. Garcia Ahumada","07:58:00","P4"
", Entra a pista","https://se-img.dcd-production.i.geniussports.com/c3e538b0395f1fdcfcbdef24c556c602T1.jpg","21, Ruben A. Godoy Santana","07:58:00","P4"
", Tiro libre 1/2  convertido","https://se-img.dcd-production.i.geniussports.com/2486f00667ff3afc356daad5104c02e2T1.png","9, Lian Castro Castillo","07:58:00","P4"
", Tiro libre 2/2","https://se-img.dcd-production.i.geniussports.com/2486f00667ff3afc356daad5104c02e2T1.png","9, Lian Castro Castillo","07:58:00","P4"
", Rebote defensivo","https://se-img.dcd-production.i.geniussports.com/c3e538b0395f1fdcfcbdef24c556c602T1.jpg","21, Ruben A. Godoy Santana","07:58:00","P4"
", Pérdida en el manejo del balón","https://se-img.dcd-production.i.geniussports.com/c3e538b0395f1fdcfcbdef24c556c602T1.jpg","14, Pablo F. Fierro Velasquez","07:46:00","P4"
", Recuperación","https://se-img.dcd-production.i.geniussports.com/2486f00667ff3afc356daad5104c02e2T1.png","15, Daniel Morales Gonzalez","07:46:00","P4"
", 2PT bandeja","https://se-img.dcd-production.i.geniussports.com/2486f00667ff3afc356daad5104c02e2T1.png","15, Daniel Morales Gonzalez","07:38:00","P4"
", Rebote defensivo","https://se-img.dcd-production.i.geniussports.com/c3e538b0395f1fdcfcbdef24c556c602T1.jpg","9, Felipe Cordero Zurita","07:34:00","P4"
", 2PT bandeja","https://se-img.dcd-production.i.geniussports.com/c3e538b0395f1fdcfcbdef24c556c602T1.jpg","14, Pablo F. Fierro Velasquez","07:32:00","P4"
", Rebote ofensivo","https://se-img.dcd-production.i.geniussports.com/c3e538b0395f1fdcfcbdef24c556c602T1.jpg","9, Felipe Cordero Zurita","07:29:00","P4"
", 2PT bandeja","https://se-img.dcd-production.i.geniussports.com/c3e538b0395f1fdcfcbdef24c556c602T1.jpg","9, Felipe Cordero Zurita","07:28:00","P4"
", Rebote ofensivo","https://se-img.dcd-production.i.geniussports.com/c3e538b0395f1fdcfcbdef24c556c602T1.jpg","21, Ruben A. Godoy Santana","07:26:00","P4"
", 2PT tiro  convertido","https://se-img.dcd-production.i.geniussports.com/c3e538b0395f1fdcfcbdef24c556c602T1.jpg","21, Ruben A. Godoy Santana","07:25:00","P4"
", 2PT bandeja","https://se-img.dcd-production.i.geniussports.com/2486f00667ff3afc356daad5104c02e2T1.png","10, Carlos Gallegos Moya","07:14:00","P4"
"Rebote defensivo","https://se-img.dcd-production.i.geniussports.com/c3e538b0395f1fdcfcbdef24c556c602T1.jpg","","07:12:00","P4"
", Se retira","https://se-img.dcd-production.i.geniussports.com/c3e538b0395f1fdcfcbdef24c556c602T1.jpg","5, Benjamin A. Andrade Contreras","07:12:00","P4"
", Entra a pista","https://se-img.dcd-production.i.geniussports.com/c3e538b0395f1fdcfcbdef24c556c602T1.jpg","10, Damian A. Espinoza Salinas","07:12:00","P4"
", 2PT tiro  convertido","https://se-img.dcd-production.i.geniussports.com/c3e538b0395f1fdcfcbdef24c556c602T1.jpg","23, David I. Gonzalez Lazcano","07:02:00","P4"
", Pérdida en el manejo del balón","https://se-img.dcd-production.i.geniussports.com/2486f00667ff3afc356daad5104c02e2T1.png","11, Gonzalo Rojo Arqueros","06:50:00","P4"
", Recuperación","https://se-img.dcd-production.i.geniussports.com/c3e538b0395f1fdcfcbdef24c556c602T1.jpg","9, Felipe Cordero Zurita","06:50:00","P4"
", 2PT bandeja  convertido","https://se-img.dcd-production.i.geniussports.com/c3e538b0395f1fdcfcbdef24c556c602T1.jpg","9, Felipe Cordero Zurita","06:45:00","P4"
"TIEMPO MUERTO","https://se-img.dcd-production.i.geniussports.com/2486f00667ff3afc356daad5104c02e2T1.png","","06:44:00","P4"
", Se retira","https://se-img.dcd-production.i.geniussports.com/2486f00667ff3afc356daad5104c02e2T1.png","10, Carlos Gallegos Moya","06:44:00","P4"
", Entra a pista","https://se-img.dcd-production.i.geniussports.com/2486f00667ff3afc356daad5104c02e2T1.png","14, Alfredo Alvarez Flanega","06:44:00","P4"
", Se retira","https://se-img.dcd-production.i.geniussports.com/2486f00667ff3afc356daad5104c02e2T1.png","12, Juan Arostica Diaz","06:43:00","P4"
", Entra a pista","https://se-img.dcd-production.i.geniussports.com/2486f00667ff3afc356daad5104c02e2T1.png","13, Maximiliano Rojas Salinas","06:43:00","P4"
", 2PT bandeja  convertido","https://se-img.dcd-production.i.geniussports.com/2486f00667ff3afc356daad5104c02e2T1.png","15, Daniel Morales Gonzalez","06:33:00","P4"
", 2PT bandeja  convertido","https://se-img.dcd-production.i.geniussports.com/c3e538b0395f1fdcfcbdef24c556c602T1.jpg","9, Felipe Cordero Zurita","06:23:00","P4"
", 2PT gancho","https://se-img.dcd-production.i.geniussports.com/2486f00667ff3afc356daad5104c02e2T1.png","14, Alfredo Alvarez Flanega","06:10:00","P4"
", Rebote defensivo","https://se-img.dcd-production.i.geniussports.com/c3e538b0395f1fdcfcbdef24c556c602T1.jpg","9, Felipe Cordero Zurita","06:07:00","P4"
", 3PT","https://se-img.dcd-production.i.geniussports.com/c3e538b0395f1fdcfcbdef24c556c602T1.jpg","23, David I. Gonzalez Lazcano","05:59:00","P4"
", Rebote defensivo","https://se-img.dcd-production.i.geniussports.com/2486f00667ff3afc356daad5104c02e2T1.png","14, Alfredo Alvarez Flanega","05:56:00","P4"
", 3PT","https://se-img.dcd-production.i.geniussports.com/2486f00667ff3afc356daad5104c02e2T1.png","11, Gonzalo Rojo Arqueros","05:47:00","P4"
", Rebote defensivo","https://se-img.dcd-production.i.geniussports.com/c3e538b0395f1fdcfcbdef24c556c602T1.jpg","14, Pablo F. Fierro Velasquez","05:43:00","P4"
", Pérdida por mal pase","https://se-img.dcd-production.i.geniussports.com/c3e538b0395f1fdcfcbdef24c556c602T1.jpg","14, Pablo F. Fierro Velasquez","05:38:00","P4"
", Recuperación","https://se-img.dcd-production.i.geniussports.com/2486f00667ff3afc356daad5104c02e2T1.png","13, Maximiliano Rojas Salinas","05:38:00","P4"
", 2PT tiro","https://se-img.dcd-production.i.geniussports.com/2486f00667ff3afc356daad5104c02e2T1.png","13, Maximiliano Rojas Salinas","05:32:00","P4"
", Rebote defensivo","https://se-img.dcd-production.i.geniussports.com/c3e538b0395f1fdcfcbdef24c556c602T1.jpg","10, Damian A. Espinoza Salinas","05:29:00","P4"
", 2PT bandeja  convertido","https://se-img.dcd-production.i.geniussports.com/c3e538b0395f1fdcfcbdef24c556c602T1.jpg","21, Ruben A. Godoy Santana","05:24:00","P4"
", 2PT bandeja  convertido","https://se-img.dcd-production.i.geniussports.com/2486f00667ff3afc356daad5104c02e2T1.png","15, Daniel Morales Gonzalez","05:10:00","P4"
", Asistencia","https://se-img.dcd-production.i.geniussports.com/2486f00667ff3afc356daad5104c02e2T1.png","14, Alfredo Alvarez Flanega","05:10:00","P4"
", 2PT bandeja  convertido","https://se-img.dcd-production.i.geniussports.com/c3e538b0395f1fdcfcbdef24c556c602T1.jpg","21, Ruben A. Godoy Santana","04:53:00","P4"
", Asistencia","https://se-img.dcd-production.i.geniussports.com/c3e538b0395f1fdcfcbdef24c556c602T1.jpg","9, Felipe Cordero Zurita","04:53:00","P4"
", 2PT tiro","https://se-img.dcd-production.i.geniussports.com/2486f00667ff3afc356daad5104c02e2T1.png","14, Alfredo Alvarez Flanega","04:39:00","P4"
", Rebote defensivo","https://se-img.dcd-production.i.geniussports.com/c3e538b0395f1fdcfcbdef24c556c602T1.jpg","9, Felipe Cordero Zurita","04:35:00","P4"
", Pérdida por mal pase","https://se-img.dcd-production.i.geniussports.com/c3e538b0395f1fdcfcbdef24c556c602T1.jpg","23, David I. Gonzalez Lazcano","04:24:00","P4"
", 3PT","https://se-img.dcd-production.i.geniussports.com/2486f00667ff3afc356daad5104c02e2T1.png","13, Maximiliano Rojas Salinas","04:17:00","P4"
"Rebote ofensivo","https://se-img.dcd-production.i.geniussports.com/2486f00667ff3afc356daad5104c02e2T1.png","","04:16:00","P4"
", Falta personal","https://se-img.dcd-production.i.geniussports.com/c3e538b0395f1fdcfcbdef24c556c602T1.jpg","21, Ruben A. Godoy Santana","04:16:00","P4"
", Falta recibida","https://se-img.dcd-production.i.geniussports.com/2486f00667ff3afc356daad5104c02e2T1.png","14, Alfredo Alvarez Flanega","04:16:00","P4"
", Pérdida por mal pase","https://se-img.dcd-production.i.geniussports.com/2486f00667ff3afc356daad5104c02e2T1.png","13, Maximiliano Rojas Salinas","04:16:00","P4"
", 2PT bandeja","https://se-img.dcd-production.i.geniussports.com/c3e538b0395f1fdcfcbdef24c556c602T1.jpg","9, Felipe Cordero Zurita","04:01:00","P4"
", Rebote defensivo","https://se-img.dcd-production.i.geniussports.com/2486f00667ff3afc356daad5104c02e2T1.png","14, Alfredo Alvarez Flanega","03:57:00","P4"
", Pérdida en el manejo del balón","https://se-img.dcd-production.i.geniussports.com/2486f00667ff3afc356daad5104c02e2T1.png","11, Gonzalo Rojo Arqueros","03:57:00","P4"
", Recuperación","https://se-img.dcd-production.i.geniussports.com/c3e538b0395f1fdcfcbdef24c556c602T1.jpg","10, Damian A. Espinoza Salinas","03:57:00","P4"
", Falta personal","https://se-img.dcd-production.i.geniussports.com/2486f00667ff3afc356daad5104c02e2T1.png","11, Gonzalo Rojo Arqueros","03:53:00","P4"
", Falta recibida","https://se-img.dcd-production.i.geniussports.com/c3e538b0395f1fdcfcbdef24c556c602T1.jpg","10, Damian A. Espinoza Salinas","03:53:00","P4"
", Tiro libre 1/2","https://se-img.dcd-production.i.geniussports.com/c3e538b0395f1fdcfcbdef24c556c602T1.jpg","10, Damian A. Espinoza Salinas","03:53:00","P4"
", Tiro libre 2/2","https://se-img.dcd-production.i.geniussports.com/c3e538b0395f1fdcfcbdef24c556c602T1.jpg","10, Damian A. Espinoza Salinas","03:53:00","P4"
", Rebote defensivo","https://se-img.dcd-production.i.geniussports.com/2486f00667ff3afc356daad5104c02e2T1.png","14, Alfredo Alvarez Flanega","03:53:00","P4"
", 2PT bandeja","https://se-img.dcd-production.i.geniussports.com/2486f00667ff3afc356daad5104c02e2T1.png","9, Lian Castro Castillo","03:39:00","P4"
", Rebote ofensivo","https://se-img.dcd-production.i.geniussports.com/2486f00667ff3afc356daad5104c02e2T1.png","11, Gonzalo Rojo Arqueros","03:36:00","P4"
", 2PT tiro  convertido","https://se-img.dcd-production.i.geniussports.com/2486f00667ff3afc356daad5104c02e2T1.png","13, Maximiliano Rojas Salinas","03:27:00","P4"
", 2PT tiro  convertido","https://se-img.dcd-production.i.geniussports.com/c3e538b0395f1fdcfcbdef24c556c602T1.jpg","23, David I. Gonzalez Lazcano","03:16:00","P4"
", Falta personal","https://se-img.dcd-production.i.geniussports.com/c3e538b0395f1fdcfcbdef24c556c602T1.jpg","23, David I. Gonzalez Lazcano","03:02:00","P4"
", Falta recibida","https://se-img.dcd-production.i.geniussports.com/2486f00667ff3afc356daad5104c02e2T1.png","9, Lian Castro Castillo","03:02:00","P4"
", 2PT tiro","https://se-img.dcd-production.i.geniussports.com/2486f00667ff3afc356daad5104c02e2T1.png","9, Lian Castro Castillo","02:52:00","P4"
", Rebote defensivo","https://se-img.dcd-production.i.geniussports.com/c3e538b0395f1fdcfcbdef24c556c602T1.jpg","14, Pablo F. Fierro Velasquez","02:50:00","P4"
", Pérdida por mal pase","https://se-img.dcd-production.i.geniussports.com/c3e538b0395f1fdcfcbdef24c556c602T1.jpg","23, David I. Gonzalez Lazcano","02:45:00","P4"
", Recuperación","https://se-img.dcd-production.i.geniussports.com/2486f00667ff3afc356daad5104c02e2T1.png","13, Maximiliano Rojas Salinas","02:45:00","P4"
", Falta personal","https://se-img.dcd-production.i.geniussports.com/c3e538b0395f1fdcfcbdef24c556c602T1.jpg","14, Pablo F. Fierro Velasquez","02:37:00","P4"
", Falta recibida","https://se-img.dcd-production.i.geniussports.com/2486f00667ff3afc356daad5104c02e2T1.png","9, Lian Castro Castillo","02:37:00","P4"
", Tiro libre 1/2","https://se-img.dcd-production.i.geniussports.com/2486f00667ff3afc356daad5104c02e2T1.png","9, Lian Castro Castillo","02:37:00","P4"
", Tiro libre 2/2  convertido","https://se-img.dcd-production.i.geniussports.com/2486f00667ff3afc356daad5104c02e2T1.png","9, Lian Castro Castillo","02:37:00","P4"
", Pérdida por mal pase","https://se-img.dcd-production.i.geniussports.com/c3e538b0395f1fdcfcbdef24c556c602T1.jpg","21, Ruben A. Godoy Santana","02:30:00","P4"
", Recuperación","https://se-img.dcd-production.i.geniussports.com/2486f00667ff3afc356daad5104c02e2T1.png","9, Lian Castro Castillo","02:30:00","P4"
", 2PT bandeja","https://se-img.dcd-production.i.geniussports.com/2486f00667ff3afc356daad5104c02e2T1.png","9, Lian Castro Castillo","02:26:00","P4"
", Rebote defensivo","https://se-img.dcd-production.i.geniussports.com/c3e538b0395f1fdcfcbdef24c556c602T1.jpg","10, Damian A. Espinoza Salinas","02:23:00","P4"
", Pérdida por dobles","https://se-img.dcd-production.i.geniussports.com/c3e538b0395f1fdcfcbdef24c556c602T1.jpg","10, Damian A. Espinoza Salinas","02:22:00","P4"
", Falta en ataque","https://se-img.dcd-production.i.geniussports.com/2486f00667ff3afc356daad5104c02e2T1.png","9, Lian Castro Castillo","02:21:00","P4"
", Pérdida por falta en ataque","https://se-img.dcd-production.i.geniussports.com/2486f00667ff3afc356daad5104c02e2T1.png","9, Lian Castro Castillo","02:21:00","P4"
", Falta recibida","https://se-img.dcd-production.i.geniussports.com/c3e538b0395f1fdcfcbdef24c556c602T1.jpg","23, David I. Gonzalez Lazcano","02:21:00","P4"
", 3PT","https://se-img.dcd-production.i.geniussports.com/c3e538b0395f1fdcfcbdef24c556c602T1.jpg","10, Damian A. Espinoza Salinas","02:08:00","P4"
", Rebote defensivo","https://se-img.dcd-production.i.geniussports.com/2486f00667ff3afc356daad5104c02e2T1.png","14, Alfredo Alvarez Flanega","02:04:00","P4"
", 2PT bandeja  convertido","https://se-img.dcd-production.i.geniussports.com/2486f00667ff3afc356daad5104c02e2T1.png","9, Lian Castro Castillo","02:03:00","P4"
", Asistencia","https://se-img.dcd-production.i.geniussports.com/2486f00667ff3afc356daad5104c02e2T1.png","14, Alfredo Alvarez Flanega","02:03:00","P4"
", 3PT","https://se-img.dcd-production.i.geniussports.com/c3e538b0395f1fdcfcbdef24c556c602T1.jpg","14, Pablo F. Fierro Velasquez","01:47:00","P4"
", Rebote defensivo","https://se-img.dcd-production.i.geniussports.com/2486f00667ff3afc356daad5104c02e2T1.png","14, Alfredo Alvarez Flanega","01:44:00","P4"
", 2PT bandeja","https://se-img.dcd-production.i.geniussports.com/2486f00667ff3afc356daad5104c02e2T1.png","14, Alfredo Alvarez Flanega","01:33:00","P4"
", Rebote defensivo","https://se-img.dcd-production.i.geniussports.com/c3e538b0395f1fdcfcbdef24c556c602T1.jpg","9, Felipe Cordero Zurita","01:30:00","P4"
", 2PT bandeja  convertido","https://se-img.dcd-production.i.geniussports.com/c3e538b0395f1fdcfcbdef24c556c602T1.jpg","21, Ruben A. Godoy Santana","01:22:00","P4"
", Asistencia","https://se-img.dcd-production.i.geniussports.com/c3e538b0395f1fdcfcbdef24c556c602T1.jpg","9, Felipe Cordero Zurita","01:22:00","P4"
", 2PT tiro","https://se-img.dcd-production.i.geniussports.com/2486f00667ff3afc356daad5104c02e2T1.png","13, Maximiliano Rojas Salinas","01:09:00","P4"
", Rebote defensivo","https://se-img.dcd-production.i.geniussports.com/c3e538b0395f1fdcfcbdef24c556c602T1.jpg","23, David I. Gonzalez Lazcano","01:05:00","P4"
", 3PT","https://se-img.dcd-production.i.geniussports.com/c3e538b0395f1fdcfcbdef24c556c602T1.jpg","9, Felipe Cordero Zurita","01:02:00","P4"
", Rebote ofensivo","https://se-img.dcd-production.i.geniussports.com/c3e538b0395f1fdcfcbdef24c556c602T1.jpg","10, Damian A. Espinoza Salinas","00:57:30","P4"
", Falta personal","https://se-img.dcd-production.i.geniussports.com/2486f00667ff3afc356daad5104c02e2T1.png","13, Maximiliano Rojas Salinas","00:52:00","P4"
", Falta recibida","https://se-img.dcd-production.i.geniussports.com/c3e538b0395f1fdcfcbdef24c556c602T1.jpg","10, Damian A. Espinoza Salinas","00:52:00","P4"
", Se retira","https://se-img.dcd-production.i.geniussports.com/c3e538b0395f1fdcfcbdef24c556c602T1.jpg","21, Ruben A. Godoy Santana","00:52:00","P4"
", Entra a pista","https://se-img.dcd-production.i.geniussports.com/c3e538b0395f1fdcfcbdef24c556c602T1.jpg","3, Joaquin I. Ahumada Fernandez","00:52:00","P4"
"TIEMPO MUERTO","https://se-img.dcd-production.i.geniussports.com/c3e538b0395f1fdcfcbdef24c556c602T1.jpg","","00:52:00","P4"
", Tiro libre 1/2","https://se-img.dcd-production.i.geniussports.com/c3e538b0395f1fdcfcbdef24c556c602T1.jpg","10, Damian A. Espinoza Salinas","00:52:00","P4"
", Tiro libre 2/2","https://se-img.dcd-production.i.geniussports.com/c3e538b0395f1fdcfcbdef24c556c602T1.jpg","10, Damian A. Espinoza Salinas","00:52:00","P4"
", Rebote defensivo","https://se-img.dcd-production.i.geniussports.com/2486f00667ff3afc356daad5104c02e2T1.png","9, Lian Castro Castillo","00:52:00","P4"
", Se retira","https://se-img.dcd-production.i.geniussports.com/2486f00667ff3afc356daad5104c02e2T1.png","13, Maximiliano Rojas Salinas","00:49:10","P4"
", Entra a pista","https://se-img.dcd-production.i.geniussports.com/2486f00667ff3afc356daad5104c02e2T1.png","8, Kurt Peters Diaz","00:49:10","P4"
", Falta personal","https://se-img.dcd-production.i.geniussports.com/c3e538b0395f1fdcfcbdef24c556c602T1.jpg","14, Pablo F. Fierro Velasquez","00:45:20","P4"
", Falta recibida","https://se-img.dcd-production.i.geniussports.com/2486f00667ff3afc356daad5104c02e2T1.png","8, Kurt Peters Diaz","00:45:20","P4"
", Tiro libre 1/2","https://se-img.dcd-production.i.geniussports.com/2486f00667ff3afc356daad5104c02e2T1.png","8, Kurt Peters Diaz","00:45:20","P4"
", Tiro libre 2/2","https://se-img.dcd-production.i.geniussports.com/2486f00667ff3afc356daad5104c02e2T1.png","8, Kurt Peters Diaz","00:45:20","P4"
", Rebote ofensivo","https://se-img.dcd-production.i.geniussports.com/2486f00667ff3afc356daad5104c02e2T1.png","14, Alfredo Alvarez Flanega","00:45:20","P4"
", 2PT bandeja  convertido","https://se-img.dcd-production.i.geniussports.com/2486f00667ff3afc356daad5104c02e2T1.png","14, Alfredo Alvarez Flanega","00:31:80","P4"
", Asistencia","https://se-img.dcd-production.i.geniussports.com/2486f00667ff3afc356daad5104c02e2T1.png","9, Lian Castro Castillo","00:31:80","P4"
", 3PT  convertido","https://se-img.dcd-production.i.geniussports.com/c3e538b0395f1fdcfcbdef24c556c602T1.jpg","23, David I. Gonzalez Lazcano","00:13:90","P4"
"PERIODO FINALIZADO","","","",""
"PARTIDO FINALIZADO","","","",""